-- Vyuha OS seed data — generated by scripts/gen-seed-sql.ts.
-- Identical to the demo-mode dataset. Run after schema.sql.
-- NOTE: users.auth_id is null in seed data; sign up with the emails below and
-- link auth_id, or let the app's onboarding create your own business instead.

delete from businesses;
delete from users;
delete from categories;
delete from suppliers;
delete from warehouses;
delete from products;
delete from customers;
delete from leads;
delete from deals;
delete from orders;
delete from order_items;
delete from invoices;
delete from payments;
delete from expenses;
delete from stock_movements;
delete from purchase_orders;
delete from employees;
delete from attendance;
delete from leave_requests;
delete from payroll;
delete from projects;
delete from tasks;
delete from documents;
delete from knowledge_base_files;
delete from notifications;
delete from audit_logs;

insert into businesses (id, name, industry, country, currency, timezone, logo_url, created_at) values
  ('00000000-0000-4000-8000-b10000000001', 'Vyuha Home Store', 'Retail', 'India', 'INR', 'Asia/Kolkata', null, '2025-06-01T04:30:00.000Z');

insert into users (id, auth_id, business_id, name, email, role, avatar_url, created_at) values
  ('00000000-0000-4000-8000-a10000000001', null, '00000000-0000-4000-8000-b10000000001', 'Kruthik Ponugoti', 'ponugotikruthik18@gmail.com', 'owner', null, '2025-06-21T04:30:00.000Z'),
  ('00000000-0000-4000-8000-a10000000002', null, '00000000-0000-4000-8000-b10000000001', 'Nikhil Rao', 'nikhil.rao@vyuhastore.in', 'admin', null, '2025-06-26T04:30:00.000Z'),
  ('00000000-0000-4000-8000-a10000000003', null, '00000000-0000-4000-8000-b10000000001', 'Shreya Kulkarni', 'shreya.kulkarni@vyuhastore.in', 'manager', null, '2025-07-01T04:30:00.000Z'),
  ('00000000-0000-4000-8000-a10000000004', null, '00000000-0000-4000-8000-b10000000001', 'Farah Khan', 'farah.khan@vyuhastore.in', 'finance', null, '2025-07-06T04:30:00.000Z'),
  ('00000000-0000-4000-8000-a10000000005', null, '00000000-0000-4000-8000-b10000000001', 'Rohit Verma', 'rohit.verma@vyuhastore.in', 'sales', null, '2025-07-11T04:30:00.000Z'),
  ('00000000-0000-4000-8000-a10000000006', null, '00000000-0000-4000-8000-b10000000001', 'Anjali Menon', 'anjali.menon@vyuhastore.in', 'hr', null, '2025-07-16T04:30:00.000Z'),
  ('00000000-0000-4000-8000-a10000000007', null, '00000000-0000-4000-8000-b10000000001', 'Devansh Joshi', 'devansh.joshi@vyuhastore.in', 'employee', null, '2025-07-21T04:30:00.000Z'),
  ('00000000-0000-4000-8000-a10000000008', null, '00000000-0000-4000-8000-b10000000001', 'Tara Bhat', 'tara.bhat@vyuhastore.in', 'viewer', null, '2025-07-26T04:30:00.000Z');

insert into categories (id, business_id, name) values
  ('00000000-0000-4000-8000-e10000000001', '00000000-0000-4000-8000-b10000000001', 'Furniture'),
  ('00000000-0000-4000-8000-e10000000002', '00000000-0000-4000-8000-b10000000001', 'Lighting'),
  ('00000000-0000-4000-8000-e10000000003', '00000000-0000-4000-8000-b10000000001', 'Decor'),
  ('00000000-0000-4000-8000-e10000000004', '00000000-0000-4000-8000-b10000000001', 'Textiles'),
  ('00000000-0000-4000-8000-e10000000005', '00000000-0000-4000-8000-b10000000001', 'Storage'),
  ('00000000-0000-4000-8000-e10000000006', '00000000-0000-4000-8000-b10000000001', 'Outdoor');

insert into suppliers (id, business_id, name, contact_name, phone, email, city) values
  ('00000000-0000-4000-8000-e20000000001', '00000000-0000-4000-8000-b10000000001', 'Sharma Timber Works', 'Mahesh Sharma', '+91 986400 50346', 'mahesh@sharmatimb.in', 'Jaipur'),
  ('00000000-0000-4000-8000-e20000000002', '00000000-0000-4000-8000-b10000000001', 'Deccan Crafts Co', 'Lakshmi Devi', '+91 988670 70276', 'lakshmi@deccancraf.in', 'Hyderabad'),
  ('00000000-0000-4000-8000-e20000000003', '00000000-0000-4000-8000-b10000000001', 'Coastal Cane & Rattan', 'Thomas Kurien', '+91 982570 57393', 'thomas@coastalcan.in', 'Kochi'),
  ('00000000-0000-4000-8000-e20000000004', '00000000-0000-4000-8000-b10000000001', 'Lumina Lighting Pvt Ltd', 'Ritu Malhotra', '+91 983450 66227', 'ritu@luminaligh.in', 'Mumbai'),
  ('00000000-0000-4000-8000-e20000000005', '00000000-0000-4000-8000-b10000000001', 'Weave & Loom Textiles', 'Harpreet Gill', '+91 988780 52508', 'harpreet@weaveloomt.in', 'Panipat'),
  ('00000000-0000-4000-8000-e20000000006', '00000000-0000-4000-8000-b10000000001', 'Everline Steelworks', 'Sandeep Patil', '+91 983240 89385', 'sandeep@everlinest.in', 'Pune');

insert into warehouses (id, business_id, name, location) values
  ('00000000-0000-4000-8000-e30000000001', '00000000-0000-4000-8000-b10000000001', 'Main Store', 'Indiranagar, Bengaluru'),
  ('00000000-0000-4000-8000-e30000000002', '00000000-0000-4000-8000-b10000000001', 'City Warehouse', 'Whitefield, Bengaluru');

insert into products (id, business_id, category_id, supplier_id, warehouse_id, name, sku, barcode, description, price, cost, stock_qty, low_stock_threshold, created_at) values
  ('00000000-0000-4000-8000-e40000000001', '00000000-0000-4000-8000-b10000000001', '00000000-0000-4000-8000-e10000000001', '00000000-0000-4000-8000-e20000000001', '00000000-0000-4000-8000-e30000000001', 'Teak Coffee Table', 'VYU-001', '8901004520000', null, 8450, 5200, 14, 5, '2025-09-09T04:30:00.000Z'),
  ('00000000-0000-4000-8000-e40000000002', '00000000-0000-4000-8000-b10000000001', '00000000-0000-4000-8000-e10000000001', '00000000-0000-4000-8000-e20000000001', '00000000-0000-4000-8000-e30000000002', 'Oak Bookshelf', 'VYU-002', '8901004520037', null, 12900, 8100, 3, 6, '2025-09-10T04:30:00.000Z'),
  ('00000000-0000-4000-8000-e40000000003', '00000000-0000-4000-8000-b10000000001', '00000000-0000-4000-8000-e10000000001', '00000000-0000-4000-8000-e20000000001', '00000000-0000-4000-8000-e30000000001', 'Sheesham Dining Chair', 'VYU-003', '8901004520074', null, 3250, 1950, 26, 8, '2025-09-11T04:30:00.000Z'),
  ('00000000-0000-4000-8000-e40000000004', '00000000-0000-4000-8000-b10000000001', '00000000-0000-4000-8000-e10000000001', '00000000-0000-4000-8000-e20000000003', '00000000-0000-4000-8000-e30000000002', 'Rattan Accent Chair', 'VYU-004', '8901004520111', null, 6800, 4100, 4, 5, '2025-09-12T04:30:00.000Z'),
  ('00000000-0000-4000-8000-e40000000005', '00000000-0000-4000-8000-b10000000001', '00000000-0000-4000-8000-e10000000001', '00000000-0000-4000-8000-e20000000001', '00000000-0000-4000-8000-e30000000001', 'Walnut Study Desk', 'VYU-005', '8901004520148', null, 15400, 9700, 9, 4, '2025-09-13T04:30:00.000Z'),
  ('00000000-0000-4000-8000-e40000000006', '00000000-0000-4000-8000-b10000000001', '00000000-0000-4000-8000-e10000000001', '00000000-0000-4000-8000-e20000000002', '00000000-0000-4000-8000-e30000000002', 'Fabric 3-Seater Sofa', 'VYU-006', '8901004520185', null, 32500, 21000, 6, 3, '2025-09-14T04:30:00.000Z'),
  ('00000000-0000-4000-8000-e40000000007', '00000000-0000-4000-8000-b10000000001', '00000000-0000-4000-8000-e10000000001', '00000000-0000-4000-8000-e20000000003', '00000000-0000-4000-8000-e30000000001', 'Cane Lounge Chair', 'VYU-007', '8901004520222', null, 7200, 4300, 11, 5, '2025-09-15T04:30:00.000Z'),
  ('00000000-0000-4000-8000-e40000000008', '00000000-0000-4000-8000-b10000000001', '00000000-0000-4000-8000-e10000000001', '00000000-0000-4000-8000-e20000000002', '00000000-0000-4000-8000-e30000000002', 'Marble Side Table', 'VYU-008', '8901004520259', null, 5600, 3400, 2, 4, '2025-09-16T04:30:00.000Z'),
  ('00000000-0000-4000-8000-e40000000009', '00000000-0000-4000-8000-b10000000001', '00000000-0000-4000-8000-e10000000002', '00000000-0000-4000-8000-e20000000004', '00000000-0000-4000-8000-e30000000001', 'Brass Floor Lamp', 'VYU-009', '8901004520296', null, 4100, 2500, 17, 6, '2025-09-17T04:30:00.000Z'),
  ('00000000-0000-4000-8000-e40000000010', '00000000-0000-4000-8000-b10000000001', '00000000-0000-4000-8000-e10000000002', '00000000-0000-4000-8000-e20000000004', '00000000-0000-4000-8000-e30000000002', 'Ceramic Table Lamp', 'VYU-010', '8901004520333', null, 1850, 1050, 22, 8, '2025-09-18T04:30:00.000Z'),
  ('00000000-0000-4000-8000-e40000000011', '00000000-0000-4000-8000-b10000000001', '00000000-0000-4000-8000-e10000000004', '00000000-0000-4000-8000-e20000000005', '00000000-0000-4000-8000-e30000000001', 'Jute Area Rug', 'VYU-011', '8901004520370', null, 2950, 1700, 5, 7, '2025-09-19T04:30:00.000Z'),
  ('00000000-0000-4000-8000-e40000000012', '00000000-0000-4000-8000-b10000000001', '00000000-0000-4000-8000-e10000000004', '00000000-0000-4000-8000-e20000000005', '00000000-0000-4000-8000-e30000000002', 'Cotton Cushion Set', 'VYU-012', '8901004520407', null, 1200, 650, 48, 15, '2025-09-20T04:30:00.000Z'),
  ('00000000-0000-4000-8000-e40000000013', '00000000-0000-4000-8000-b10000000001', '00000000-0000-4000-8000-e10000000004', '00000000-0000-4000-8000-e20000000005', '00000000-0000-4000-8000-e30000000001', 'Linen Curtain Pair', 'VYU-013', '8901004520444', null, 2400, 1400, 31, 10, '2025-09-21T04:30:00.000Z'),
  ('00000000-0000-4000-8000-e40000000014', '00000000-0000-4000-8000-b10000000001', '00000000-0000-4000-8000-e10000000001', '00000000-0000-4000-8000-e20000000001', '00000000-0000-4000-8000-e30000000002', 'Mango Wood TV Unit', 'VYU-014', '8901004520481', null, 18700, 11900, 7, 3, '2025-09-22T04:30:00.000Z'),
  ('00000000-0000-4000-8000-e40000000015', '00000000-0000-4000-8000-b10000000001', '00000000-0000-4000-8000-e10000000005', '00000000-0000-4000-8000-e20000000006', '00000000-0000-4000-8000-e30000000001', 'Steel Storage Cabinet', 'VYU-015', '8901004520518', null, 9800, 6100, 12, 4, '2025-09-23T04:30:00.000Z'),
  ('00000000-0000-4000-8000-e40000000016', '00000000-0000-4000-8000-b10000000001', '00000000-0000-4000-8000-e10000000001', '00000000-0000-4000-8000-e20000000002', '00000000-0000-4000-8000-e30000000002', 'Velvet Ottoman', 'VYU-016', '8901004520555', null, 4650, 2800, 3, 5, '2025-09-24T04:30:00.000Z'),
  ('00000000-0000-4000-8000-e40000000017', '00000000-0000-4000-8000-b10000000001', '00000000-0000-4000-8000-e10000000005', '00000000-0000-4000-8000-e20000000006', '00000000-0000-4000-8000-e30000000001', 'Glass Display Cabinet', 'VYU-017', '8901004520592', null, 21300, 13600, 8, 3, '2025-09-25T04:30:00.000Z'),
  ('00000000-0000-4000-8000-e40000000018', '00000000-0000-4000-8000-b10000000001', '00000000-0000-4000-8000-e10000000005', '00000000-0000-4000-8000-e20000000003', '00000000-0000-4000-8000-e30000000002', 'Bamboo Shoe Rack', 'VYU-018', '8901004520629', null, 1750, 950, 19, 6, '2025-09-26T04:30:00.000Z'),
  ('00000000-0000-4000-8000-e40000000019', '00000000-0000-4000-8000-b10000000001', '00000000-0000-4000-8000-e10000000001', '00000000-0000-4000-8000-e20000000001', '00000000-0000-4000-8000-e30000000001', 'Acacia Bar Stool', 'VYU-019', '8901004520666', null, 2900, 1700, 15, 6, '2025-09-27T04:30:00.000Z'),
  ('00000000-0000-4000-8000-e40000000020', '00000000-0000-4000-8000-b10000000001', '00000000-0000-4000-8000-e10000000006', '00000000-0000-4000-8000-e20000000002', '00000000-0000-4000-8000-e30000000002', 'Terracotta Planter Set', 'VYU-020', '8901004520703', null, 1450, 800, 27, 10, '2025-09-28T04:30:00.000Z');

insert into customers (id, business_id, name, company, phone, email, address, city, country, tags, notes, total_spend, created_at) values
  ('00000000-0000-4000-8000-c10000000001', '00000000-0000-4000-8000-b10000000001', 'Aarav Sharma', null, '+91 989820 37630', 'aarav.sharma@gmail.com', '45, Residency Road', 'Bengaluru', 'India', '["repeat"]'::jsonb, null, 20400, '2025-08-20T04:30:00.000Z'),
  ('00000000-0000-4000-8000-c10000000002', '00000000-0000-4000-8000-b10000000001', 'Priya Iyer', null, '+91 987460 64955', 'priya.iyer@gmail.com', '2, Residency Road', 'Bengaluru', 'India', '[]'::jsonb, null, 0, '2025-08-28T04:30:00.000Z'),
  ('00000000-0000-4000-8000-c10000000003', '00000000-0000-4000-8000-b10000000001', 'Rohan Mehta', null, '+91 993490 14608', 'rohan.mehta@gmail.com', '131, 4th Cross', 'Mysuru', 'India', '[]'::jsonb, null, 3250, '2025-09-05T04:30:00.000Z'),
  ('00000000-0000-4000-8000-c10000000004', '00000000-0000-4000-8000-b10000000001', 'Ananya Reddy', null, '+91 970670 15560', 'ananya.reddy@gmail.com', '42, 100 Ft Road', 'Hyderabad', 'India', '["repeat"]'::jsonb, null, 0, '2025-09-13T04:30:00.000Z'),
  ('00000000-0000-4000-8000-c10000000005', '00000000-0000-4000-8000-b10000000001', 'Vikram Singh', null, '+91 981210 12441', 'vikram.singh@gmail.com', '39, Church Street', 'Bengaluru', 'India', '[]'::jsonb, null, 14800, '2025-09-21T04:30:00.000Z'),
  ('00000000-0000-4000-8000-c10000000006', '00000000-0000-4000-8000-b10000000001', 'Kavita Nair', null, '+91 979500 82812', 'kavita.nair@gmail.com', '71, Residency Road', 'Kochi', 'India', '[]'::jsonb, null, 0, '2025-09-29T04:30:00.000Z'),
  ('00000000-0000-4000-8000-c10000000007', '00000000-0000-4000-8000-b10000000001', 'Arjun Patel', null, '+91 961490 14625', 'arjun.patel@gmail.com', '123, Residency Road', 'Ahmedabad', 'India', '["repeat"]'::jsonb, null, 22900, '2025-10-07T04:30:00.000Z'),
  ('00000000-0000-4000-8000-c10000000008', '00000000-0000-4000-8000-b10000000001', 'Meera Krishnan', null, '+91 969800 68112', 'meera.krishnan@gmail.com', '47, MG Road', 'Chennai', 'India', '[]'::jsonb, null, 9125, '2025-10-15T04:30:00.000Z'),
  ('00000000-0000-4000-8000-c10000000009', '00000000-0000-4000-8000-b10000000001', 'Sanjay Gupta', null, '+91 989540 87283', 'sanjay.gupta@gmail.com', '113, MG Road', 'Bengaluru', 'India', '[]'::jsonb, null, 85200, '2025-10-23T04:30:00.000Z'),
  ('00000000-0000-4000-8000-c10000000010', '00000000-0000-4000-8000-b10000000001', 'Divya Chauhan', null, '+91 971360 36369', 'divya.chauhan@gmail.com', '18, 100 Ft Road', 'Pune', 'India', '["repeat"]'::jsonb, null, 54800, '2025-10-31T04:30:00.000Z'),
  ('00000000-0000-4000-8000-c10000000011', '00000000-0000-4000-8000-b10000000001', 'Rajiv Nanda', 'ABC Company', '+91 987230 72377', 'rajiv@abccompany.com', '205, 4th Cross', 'Bengaluru', 'India', '["business","repeat"]'::jsonb, null, 95400, '2025-11-08T04:30:00.000Z'),
  ('00000000-0000-4000-8000-c10000000012', '00000000-0000-4000-8000-b10000000001', 'Sunita Kapoor', 'Horizon Interiors LLP', '+91 997740 48802', 'sunita@horizoninter.com', '208, 4th Cross', 'Bengaluru', 'India', '["business","wholesale"]'::jsonb, null, 95800, '2025-11-16T04:30:00.000Z'),
  ('00000000-0000-4000-8000-c10000000013', '00000000-0000-4000-8000-b10000000001', 'Joseph D''Souza', 'GreenLeaf Cafe', '+91 964430 11425', 'joseph@greenleafcaf.com', '80, Residency Road', 'Bengaluru', 'India', '["business","repeat"]'::jsonb, null, 109000, '2025-11-24T04:30:00.000Z'),
  ('00000000-0000-4000-8000-c10000000014', '00000000-0000-4000-8000-b10000000001', 'Aditi Rathi', 'Sterling Hotels Group', '+91 984470 90960', 'aditi@sterlinghote.com', '18, 100 Ft Road', 'Mumbai', 'India', '["business","wholesale"]'::jsonb, null, 113050, '2025-12-02T04:30:00.000Z'),
  ('00000000-0000-4000-8000-c10000000015', '00000000-0000-4000-8000-b10000000001', 'Karan Malhotra', 'Maple & Oak Studio', '+91 997390 35042', 'karan@mapleoakstud.com', '156, 4th Cross', 'Gurugram', 'India', '["business","repeat"]'::jsonb, null, 0, '2025-12-10T04:30:00.000Z');

insert into leads (id, business_id, name, company, email, phone, source, status, owner_id, notes, created_at) values
  ('00000000-0000-4000-8000-c20000000001', '00000000-0000-4000-8000-b10000000001', 'Neha Bansal', null, 'neha52@gmail.com', '+91 992870 20853', 'walk-in', 'new', '00000000-0000-4000-8000-a10000000005', null, '2026-05-22T08:30:00.000Z'),
  ('00000000-0000-4000-8000-c20000000002', '00000000-0000-4000-8000-b10000000001', 'Zoya Sheikh', 'Cedar Living', 'zoya91@gmail.com', '+91 977350 62060', 'website', 'new', '00000000-0000-4000-8000-a10000000005', null, '2026-06-20T08:30:00.000Z'),
  ('00000000-0000-4000-8000-c20000000003', '00000000-0000-4000-8000-b10000000001', 'Manoj Pillai', null, 'manoj32@gmail.com', '+91 989170 36568', 'instagram', 'contacted', '00000000-0000-4000-8000-a10000000005', null, '2026-06-15T11:30:00.000Z'),
  ('00000000-0000-4000-8000-c20000000004', '00000000-0000-4000-8000-b10000000001', 'Ritika Jain', 'Jain & Sons Decor', 'ritika69@gmail.com', '+91 999760 90117', 'referral', 'contacted', '00000000-0000-4000-8000-a10000000005', null, '2026-06-16T08:30:00.000Z'),
  ('00000000-0000-4000-8000-c20000000005', '00000000-0000-4000-8000-b10000000001', 'Alok Mishra', null, 'alok30@gmail.com', '+91 964030 72704', 'exhibition', 'qualified', '00000000-0000-4000-8000-a10000000005', null, '2026-06-21T10:30:00.000Z'),
  ('00000000-0000-4000-8000-c20000000006', '00000000-0000-4000-8000-b10000000001', 'Deepa Hegde', 'Hegde Homestays', 'deepa90@gmail.com', '+91 963740 52785', 'website', 'qualified', '00000000-0000-4000-8000-a10000000005', null, '2026-05-30T04:30:00.000Z'),
  ('00000000-0000-4000-8000-c20000000007', '00000000-0000-4000-8000-b10000000001', 'Farhan Ali', null, 'farhan97@gmail.com', '+91 967130 73848', 'instagram', 'converted', '00000000-0000-4000-8000-a10000000005', null, '2026-06-04T05:30:00.000Z'),
  ('00000000-0000-4000-8000-c20000000008', '00000000-0000-4000-8000-b10000000001', 'Ishita Roy', 'Roy Interiors', 'ishita41@gmail.com', '+91 966530 68919', 'referral', 'lost', '00000000-0000-4000-8000-a10000000005', null, '2026-06-20T05:30:00.000Z'),
  ('00000000-0000-4000-8000-c20000000009', '00000000-0000-4000-8000-b10000000001', 'Gaurav Saxena', null, 'gaurav63@gmail.com', '+91 995470 39374', 'walk-in', 'new', '00000000-0000-4000-8000-a10000000005', null, '2026-05-31T06:30:00.000Z'),
  ('00000000-0000-4000-8000-c20000000010', '00000000-0000-4000-8000-b10000000001', 'Lakshmi Subramaniam', 'Chennai Craft House', 'lakshmi14@gmail.com', '+91 994540 43273', 'exhibition', 'contacted', '00000000-0000-4000-8000-a10000000005', null, '2026-07-05T10:30:00.000Z'),
  ('00000000-0000-4000-8000-c20000000011', '00000000-0000-4000-8000-b10000000001', 'Pooja Desai', null, 'pooja63@gmail.com', '+91 995030 91734', 'website', 'qualified', '00000000-0000-4000-8000-a10000000005', null, '2026-06-26T09:30:00.000Z'),
  ('00000000-0000-4000-8000-c20000000012', '00000000-0000-4000-8000-b10000000001', 'Varun Khanna', 'Khanna Estates', 'varun49@gmail.com', '+91 967360 14272', 'referral', 'new', '00000000-0000-4000-8000-a10000000005', null, '2026-06-04T10:30:00.000Z');

insert into deals (id, business_id, customer_id, lead_id, title, value, stage, owner_id, expected_close, created_at) values
  ('00000000-0000-4000-8000-c30000000001', '00000000-0000-4000-8000-b10000000001', '00000000-0000-4000-8000-c10000000013', null, 'Bulk dining chairs — GreenLeaf Cafe', 97500, 'negotiation', '00000000-0000-4000-8000-a10000000005', '2026-07-20', '2026-06-19T04:30:00.000Z'),
  ('00000000-0000-4000-8000-c30000000002', '00000000-0000-4000-8000-b10000000001', '00000000-0000-4000-8000-c10000000012', null, 'Lobby furniture — Sterling Hotels', 264000, 'proposal', '00000000-0000-4000-8000-a10000000005', '2026-07-21', '2026-06-30T04:30:00.000Z'),
  ('00000000-0000-4000-8000-c30000000003', '00000000-0000-4000-8000-b10000000001', '00000000-0000-4000-8000-c10000000011', null, 'Office fit-out — ABC Company', 148000, 'qualified', '00000000-0000-4000-8000-a10000000005', '2026-07-17', '2026-05-17T04:30:00.000Z'),
  ('00000000-0000-4000-8000-c30000000004', '00000000-0000-4000-8000-b10000000001', null, '00000000-0000-4000-8000-c20000000010', 'Homestay furnishing — Hegde Homestays', 86000, 'proposal', '00000000-0000-4000-8000-a10000000005', '2026-07-30', '2026-05-17T04:30:00.000Z'),
  ('00000000-0000-4000-8000-c30000000005', '00000000-0000-4000-8000-b10000000001', '00000000-0000-4000-8000-c10000000015', null, 'Studio shelving — Maple & Oak', 54000, 'won', '00000000-0000-4000-8000-a10000000005', '2026-07-15', '2026-06-24T04:30:00.000Z'),
  ('00000000-0000-4000-8000-c30000000006', '00000000-0000-4000-8000-b10000000001', '00000000-0000-4000-8000-c10000000013', null, 'Cafe lighting refresh', 32000, 'qualified', '00000000-0000-4000-8000-a10000000005', '2026-07-30', '2026-06-18T04:30:00.000Z'),
  ('00000000-0000-4000-8000-c30000000007', '00000000-0000-4000-8000-b10000000001', '00000000-0000-4000-8000-c10000000012', null, 'Curtains contract — Horizon Interiors', 41000, 'negotiation', '00000000-0000-4000-8000-a10000000005', '2026-07-23', '2026-06-12T04:30:00.000Z'),
  ('00000000-0000-4000-8000-c30000000008', '00000000-0000-4000-8000-b10000000001', null, '00000000-0000-4000-8000-c20000000010', 'Balcony sets — Khanna Estates', 68500, 'qualified', '00000000-0000-4000-8000-a10000000005', '2026-07-24', '2026-05-31T04:30:00.000Z'),
  ('00000000-0000-4000-8000-c30000000009', '00000000-0000-4000-8000-b10000000001', null, '00000000-0000-4000-8000-c20000000001', 'Display cabinets — Jain & Sons', 63900, 'lost', '00000000-0000-4000-8000-a10000000005', '2026-07-24', '2026-06-16T04:30:00.000Z'),
  ('00000000-0000-4000-8000-c30000000010', '00000000-0000-4000-8000-b10000000001', '00000000-0000-4000-8000-c10000000010', null, 'Rug supply — Chennai Craft House', 29500, 'won', '00000000-0000-4000-8000-a10000000005', '2026-08-12', '2026-06-16T04:30:00.000Z');

insert into orders (id, business_id, customer_id, status, total, created_by, created_at) values
  ('00000000-0000-4000-8000-f10000000001', '00000000-0000-4000-8000-b10000000001', '00000000-0000-4000-8000-c10000000009', 'processing', 47900, '00000000-0000-4000-8000-a10000000005', '2026-07-06T08:06:00.000Z'),
  ('00000000-0000-4000-8000-f10000000002', '00000000-0000-4000-8000-b10000000001', '00000000-0000-4000-8000-c10000000011', 'processing', 6500, '00000000-0000-4000-8000-a10000000005', '2026-07-06T05:40:00.000Z'),
  ('00000000-0000-4000-8000-f10000000003', '00000000-0000-4000-8000-b10000000001', '00000000-0000-4000-8000-c10000000008', 'processing', 60500, '00000000-0000-4000-8000-a10000000005', '2026-07-06T08:42:00.000Z'),
  ('00000000-0000-4000-8000-f10000000004', '00000000-0000-4000-8000-b10000000001', '00000000-0000-4000-8000-c10000000014', 'completed', 31050, '00000000-0000-4000-8000-a10000000005', '2026-05-17T09:20:00.000Z'),
  ('00000000-0000-4000-8000-f10000000005', '00000000-0000-4000-8000-b10000000001', '00000000-0000-4000-8000-c10000000001', 'completed', 20400, '00000000-0000-4000-8000-a10000000005', '2026-05-18T12:14:00.000Z'),
  ('00000000-0000-4000-8000-f10000000006', '00000000-0000-4000-8000-b10000000001', '00000000-0000-4000-8000-c10000000009', 'completed', 35100, '00000000-0000-4000-8000-a10000000005', '2026-06-04T12:21:00.000Z'),
  ('00000000-0000-4000-8000-f10000000007', '00000000-0000-4000-8000-b10000000001', '00000000-0000-4000-8000-c10000000003', 'completed', 15650, '00000000-0000-4000-8000-a10000000005', '2026-06-04T07:20:00.000Z'),
  ('00000000-0000-4000-8000-f10000000008', '00000000-0000-4000-8000-b10000000001', '00000000-0000-4000-8000-c10000000003', 'completed', 3250, '00000000-0000-4000-8000-a10000000005', '2026-05-16T08:12:00.000Z'),
  ('00000000-0000-4000-8000-f10000000009', '00000000-0000-4000-8000-b10000000001', '00000000-0000-4000-8000-c10000000010', 'completed', 11900, '00000000-0000-4000-8000-a10000000005', '2026-05-23T10:41:00.000Z'),
  ('00000000-0000-4000-8000-f10000000010', '00000000-0000-4000-8000-b10000000001', '00000000-0000-4000-8000-c10000000010', 'completed', 6150, '00000000-0000-4000-8000-a10000000005', '2026-06-26T09:02:00.000Z'),
  ('00000000-0000-4000-8000-f10000000011', '00000000-0000-4000-8000-b10000000001', '00000000-0000-4000-8000-c10000000013', 'completed', 5600, '00000000-0000-4000-8000-a10000000005', '2026-06-17T08:35:00.000Z'),
  ('00000000-0000-4000-8000-f10000000012', '00000000-0000-4000-8000-b10000000001', '00000000-0000-4000-8000-c10000000009', 'completed', 80850, '00000000-0000-4000-8000-a10000000005', '2026-05-26T10:17:00.000Z'),
  ('00000000-0000-4000-8000-f10000000013', '00000000-0000-4000-8000-b10000000001', '00000000-0000-4000-8000-c10000000013', 'completed', 33700, '00000000-0000-4000-8000-a10000000005', '2026-06-19T06:47:00.000Z'),
  ('00000000-0000-4000-8000-f10000000014', '00000000-0000-4000-8000-b10000000001', '00000000-0000-4000-8000-c10000000008', 'completed', 18250, '00000000-0000-4000-8000-a10000000005', '2026-06-08T11:48:00.000Z'),
  ('00000000-0000-4000-8000-f10000000015', '00000000-0000-4000-8000-b10000000001', '00000000-0000-4000-8000-c10000000005', 'completed', 29600, '00000000-0000-4000-8000-a10000000005', '2026-05-18T07:22:00.000Z'),
  ('00000000-0000-4000-8000-f10000000016', '00000000-0000-4000-8000-b10000000001', '00000000-0000-4000-8000-c10000000012', 'completed', 58300, '00000000-0000-4000-8000-a10000000005', '2026-06-14T06:07:00.000Z'),
  ('00000000-0000-4000-8000-f10000000017', '00000000-0000-4000-8000-b10000000001', '00000000-0000-4000-8000-c10000000011', 'completed', 21350, '00000000-0000-4000-8000-a10000000005', '2026-06-18T08:06:00.000Z'),
  ('00000000-0000-4000-8000-f10000000018', '00000000-0000-4000-8000-b10000000001', '00000000-0000-4000-8000-c10000000011', 'completed', 5250, '00000000-0000-4000-8000-a10000000005', '2026-07-04T03:46:00.000Z'),
  ('00000000-0000-4000-8000-f10000000019', '00000000-0000-4000-8000-b10000000001', '00000000-0000-4000-8000-c10000000010', 'completed', 3700, '00000000-0000-4000-8000-a10000000005', '2026-05-16T06:35:00.000Z'),
  ('00000000-0000-4000-8000-f10000000020', '00000000-0000-4000-8000-b10000000001', '00000000-0000-4000-8000-c10000000011', 'completed', 35550, '00000000-0000-4000-8000-a10000000005', '2026-06-07T05:16:00.000Z'),
  ('00000000-0000-4000-8000-f10000000021', '00000000-0000-4000-8000-b10000000001', '00000000-0000-4000-8000-c10000000010', 'completed', 39200, '00000000-0000-4000-8000-a10000000005', '2026-06-07T11:50:00.000Z'),
  ('00000000-0000-4000-8000-f10000000022', '00000000-0000-4000-8000-b10000000001', '00000000-0000-4000-8000-c10000000007', 'completed', 20500, '00000000-0000-4000-8000-a10000000005', '2026-07-02T04:16:00.000Z'),
  ('00000000-0000-4000-8000-f10000000023', '00000000-0000-4000-8000-b10000000001', '00000000-0000-4000-8000-c10000000009', 'completed', 8700, '00000000-0000-4000-8000-a10000000005', '2026-07-02T10:06:00.000Z'),
  ('00000000-0000-4000-8000-f10000000024', '00000000-0000-4000-8000-b10000000001', '00000000-0000-4000-8000-c10000000011', 'completed', 74050, '00000000-0000-4000-8000-a10000000005', '2026-06-25T03:49:00.000Z'),
  ('00000000-0000-4000-8000-f10000000025', '00000000-0000-4000-8000-b10000000001', '00000000-0000-4000-8000-c10000000008', 'completed', 32750, '00000000-0000-4000-8000-a10000000005', '2026-05-07T05:58:00.000Z'),
  ('00000000-0000-4000-8000-f10000000026', '00000000-0000-4000-8000-b10000000001', '00000000-0000-4000-8000-c10000000012', 'completed', 37500, '00000000-0000-4000-8000-a10000000005', '2026-06-22T06:01:00.000Z'),
  ('00000000-0000-4000-8000-f10000000027', '00000000-0000-4000-8000-b10000000001', '00000000-0000-4000-8000-c10000000014', 'completed', 82000, '00000000-0000-4000-8000-a10000000005', '2026-07-05T09:33:00.000Z'),
  ('00000000-0000-4000-8000-f10000000028', '00000000-0000-4000-8000-b10000000001', '00000000-0000-4000-8000-c10000000011', 'completed', 16800, '00000000-0000-4000-8000-a10000000005', '2026-07-05T10:30:00.000Z'),
  ('00000000-0000-4000-8000-f10000000029', '00000000-0000-4000-8000-b10000000001', '00000000-0000-4000-8000-c10000000007', 'completed', 2400, '00000000-0000-4000-8000-a10000000005', '2026-06-25T10:24:00.000Z'),
  ('00000000-0000-4000-8000-f10000000030', '00000000-0000-4000-8000-b10000000001', '00000000-0000-4000-8000-c10000000013', 'completed', 72500, '00000000-0000-4000-8000-a10000000005', '2026-05-29T09:26:00.000Z');

insert into order_items (id, business_id, order_id, product_id, qty, price) values
  ('00000000-0000-4000-8000-f20000000001', '00000000-0000-4000-8000-b10000000001', '00000000-0000-4000-8000-f10000000001', '00000000-0000-4000-8000-e40000000005', 1, 15400),
  ('00000000-0000-4000-8000-f20000000002', '00000000-0000-4000-8000-b10000000001', '00000000-0000-4000-8000-f10000000001', '00000000-0000-4000-8000-e40000000006', 1, 32500),
  ('00000000-0000-4000-8000-f20000000003', '00000000-0000-4000-8000-b10000000001', '00000000-0000-4000-8000-f10000000002', '00000000-0000-4000-8000-e40000000003', 2, 3250),
  ('00000000-0000-4000-8000-f20000000004', '00000000-0000-4000-8000-b10000000001', '00000000-0000-4000-8000-f10000000003', '00000000-0000-4000-8000-e40000000015', 4, 9800),
  ('00000000-0000-4000-8000-f20000000005', '00000000-0000-4000-8000-b10000000001', '00000000-0000-4000-8000-f10000000003', '00000000-0000-4000-8000-e40000000017', 1, 21300),
  ('00000000-0000-4000-8000-f20000000006', '00000000-0000-4000-8000-b10000000001', '00000000-0000-4000-8000-f10000000004', '00000000-0000-4000-8000-e40000000003', 3, 3250),
  ('00000000-0000-4000-8000-f20000000007', '00000000-0000-4000-8000-b10000000001', '00000000-0000-4000-8000-f10000000004', '00000000-0000-4000-8000-e40000000017', 1, 21300),
  ('00000000-0000-4000-8000-f20000000008', '00000000-0000-4000-8000-b10000000001', '00000000-0000-4000-8000-f10000000005', '00000000-0000-4000-8000-e40000000004', 3, 6800),
  ('00000000-0000-4000-8000-f20000000009', '00000000-0000-4000-8000-b10000000001', '00000000-0000-4000-8000-f10000000006', '00000000-0000-4000-8000-e40000000009', 4, 4100),
  ('00000000-0000-4000-8000-f20000000010', '00000000-0000-4000-8000-b10000000001', '00000000-0000-4000-8000-f10000000006', '00000000-0000-4000-8000-e40000000014', 1, 18700),
  ('00000000-0000-4000-8000-f20000000011', '00000000-0000-4000-8000-b10000000001', '00000000-0000-4000-8000-f10000000007', '00000000-0000-4000-8000-e40000000001', 1, 8450),
  ('00000000-0000-4000-8000-f20000000012', '00000000-0000-4000-8000-b10000000001', '00000000-0000-4000-8000-f10000000007', '00000000-0000-4000-8000-e40000000013', 3, 2400),
  ('00000000-0000-4000-8000-f20000000013', '00000000-0000-4000-8000-b10000000001', '00000000-0000-4000-8000-f10000000008', '00000000-0000-4000-8000-e40000000003', 1, 3250),
  ('00000000-0000-4000-8000-f20000000014', '00000000-0000-4000-8000-b10000000001', '00000000-0000-4000-8000-f10000000009', '00000000-0000-4000-8000-e40000000009', 2, 4100),
  ('00000000-0000-4000-8000-f20000000015', '00000000-0000-4000-8000-b10000000001', '00000000-0000-4000-8000-f10000000009', '00000000-0000-4000-8000-e40000000010', 2, 1850),
  ('00000000-0000-4000-8000-f20000000016', '00000000-0000-4000-8000-b10000000001', '00000000-0000-4000-8000-f10000000010', '00000000-0000-4000-8000-e40000000003', 1, 3250),
  ('00000000-0000-4000-8000-f20000000017', '00000000-0000-4000-8000-b10000000001', '00000000-0000-4000-8000-f10000000010', '00000000-0000-4000-8000-e40000000019', 1, 2900),
  ('00000000-0000-4000-8000-f20000000018', '00000000-0000-4000-8000-b10000000001', '00000000-0000-4000-8000-f10000000011', '00000000-0000-4000-8000-e40000000008', 1, 5600),
  ('00000000-0000-4000-8000-f20000000019', '00000000-0000-4000-8000-b10000000001', '00000000-0000-4000-8000-f10000000012', '00000000-0000-4000-8000-e40000000011', 1, 2950),
  ('00000000-0000-4000-8000-f20000000020', '00000000-0000-4000-8000-b10000000001', '00000000-0000-4000-8000-f10000000012', '00000000-0000-4000-8000-e40000000002', 1, 12900),
  ('00000000-0000-4000-8000-f20000000021', '00000000-0000-4000-8000-b10000000001', '00000000-0000-4000-8000-f10000000012', '00000000-0000-4000-8000-e40000000006', 2, 32500),
  ('00000000-0000-4000-8000-f20000000022', '00000000-0000-4000-8000-b10000000001', '00000000-0000-4000-8000-f10000000013', '00000000-0000-4000-8000-e40000000005', 2, 15400),
  ('00000000-0000-4000-8000-f20000000023', '00000000-0000-4000-8000-b10000000001', '00000000-0000-4000-8000-f10000000013', '00000000-0000-4000-8000-e40000000020', 2, 1450),
  ('00000000-0000-4000-8000-f20000000024', '00000000-0000-4000-8000-b10000000001', '00000000-0000-4000-8000-f10000000014', '00000000-0000-4000-8000-e40000000011', 3, 2950),
  ('00000000-0000-4000-8000-f20000000025', '00000000-0000-4000-8000-b10000000001', '00000000-0000-4000-8000-f10000000014', '00000000-0000-4000-8000-e40000000012', 3, 1200),
  ('00000000-0000-4000-8000-f20000000026', '00000000-0000-4000-8000-b10000000001', '00000000-0000-4000-8000-f10000000014', '00000000-0000-4000-8000-e40000000020', 4, 1450),
  ('00000000-0000-4000-8000-f20000000027', '00000000-0000-4000-8000-b10000000001', '00000000-0000-4000-8000-f10000000015', '00000000-0000-4000-8000-e40000000009', 2, 4100),
  ('00000000-0000-4000-8000-f20000000028', '00000000-0000-4000-8000-b10000000001', '00000000-0000-4000-8000-f10000000015', '00000000-0000-4000-8000-e40000000011', 4, 2950),
  ('00000000-0000-4000-8000-f20000000029', '00000000-0000-4000-8000-b10000000001', '00000000-0000-4000-8000-f10000000015', '00000000-0000-4000-8000-e40000000013', 4, 2400),
  ('00000000-0000-4000-8000-f20000000030', '00000000-0000-4000-8000-b10000000001', '00000000-0000-4000-8000-f10000000016', '00000000-0000-4000-8000-e40000000015', 1, 9800),
  ('00000000-0000-4000-8000-f20000000031', '00000000-0000-4000-8000-b10000000001', '00000000-0000-4000-8000-f10000000016', '00000000-0000-4000-8000-e40000000017', 2, 21300),
  ('00000000-0000-4000-8000-f20000000032', '00000000-0000-4000-8000-b10000000001', '00000000-0000-4000-8000-f10000000016', '00000000-0000-4000-8000-e40000000011', 2, 2950),
  ('00000000-0000-4000-8000-f20000000033', '00000000-0000-4000-8000-b10000000001', '00000000-0000-4000-8000-f10000000017', '00000000-0000-4000-8000-e40000000001', 1, 8450),
  ('00000000-0000-4000-8000-f20000000034', '00000000-0000-4000-8000-b10000000001', '00000000-0000-4000-8000-f10000000017', '00000000-0000-4000-8000-e40000000002', 1, 12900),
  ('00000000-0000-4000-8000-f20000000035', '00000000-0000-4000-8000-b10000000001', '00000000-0000-4000-8000-f10000000018', '00000000-0000-4000-8000-e40000000018', 3, 1750),
  ('00000000-0000-4000-8000-f20000000036', '00000000-0000-4000-8000-b10000000001', '00000000-0000-4000-8000-f10000000019', '00000000-0000-4000-8000-e40000000010', 2, 1850),
  ('00000000-0000-4000-8000-f20000000037', '00000000-0000-4000-8000-b10000000001', '00000000-0000-4000-8000-f10000000020', '00000000-0000-4000-8000-e40000000003', 1, 3250),
  ('00000000-0000-4000-8000-f20000000038', '00000000-0000-4000-8000-b10000000001', '00000000-0000-4000-8000-f10000000020', '00000000-0000-4000-8000-e40000000001', 2, 8450),
  ('00000000-0000-4000-8000-f20000000039', '00000000-0000-4000-8000-b10000000001', '00000000-0000-4000-8000-f10000000020', '00000000-0000-4000-8000-e40000000005', 1, 15400),
  ('00000000-0000-4000-8000-f20000000040', '00000000-0000-4000-8000-b10000000001', '00000000-0000-4000-8000-f10000000021', '00000000-0000-4000-8000-e40000000015', 4, 9800),
  ('00000000-0000-4000-8000-f20000000041', '00000000-0000-4000-8000-b10000000001', '00000000-0000-4000-8000-f10000000022', '00000000-0000-4000-8000-e40000000016', 2, 4650),
  ('00000000-0000-4000-8000-f20000000042', '00000000-0000-4000-8000-b10000000001', '00000000-0000-4000-8000-f10000000022', '00000000-0000-4000-8000-e40000000020', 1, 1450),
  ('00000000-0000-4000-8000-f20000000043', '00000000-0000-4000-8000-b10000000001', '00000000-0000-4000-8000-f10000000022', '00000000-0000-4000-8000-e40000000003', 3, 3250),
  ('00000000-0000-4000-8000-f20000000044', '00000000-0000-4000-8000-b10000000001', '00000000-0000-4000-8000-f10000000023', '00000000-0000-4000-8000-e40000000019', 3, 2900),
  ('00000000-0000-4000-8000-f20000000045', '00000000-0000-4000-8000-b10000000001', '00000000-0000-4000-8000-f10000000024', '00000000-0000-4000-8000-e40000000006', 2, 32500),
  ('00000000-0000-4000-8000-f20000000046', '00000000-0000-4000-8000-b10000000001', '00000000-0000-4000-8000-f10000000024', '00000000-0000-4000-8000-e40000000010', 1, 1850),
  ('00000000-0000-4000-8000-f20000000047', '00000000-0000-4000-8000-b10000000001', '00000000-0000-4000-8000-f10000000024', '00000000-0000-4000-8000-e40000000013', 3, 2400),
  ('00000000-0000-4000-8000-f20000000048', '00000000-0000-4000-8000-b10000000001', '00000000-0000-4000-8000-f10000000025', '00000000-0000-4000-8000-e40000000010', 3, 1850),
  ('00000000-0000-4000-8000-f20000000049', '00000000-0000-4000-8000-b10000000001', '00000000-0000-4000-8000-f10000000025', '00000000-0000-4000-8000-e40000000004', 4, 6800),
  ('00000000-0000-4000-8000-f20000000050', '00000000-0000-4000-8000-b10000000001', '00000000-0000-4000-8000-f10000000026', '00000000-0000-4000-8000-e40000000010', 2, 1850),
  ('00000000-0000-4000-8000-f20000000051', '00000000-0000-4000-8000-b10000000001', '00000000-0000-4000-8000-f10000000026', '00000000-0000-4000-8000-e40000000001', 4, 8450),
  ('00000000-0000-4000-8000-f20000000052', '00000000-0000-4000-8000-b10000000001', '00000000-0000-4000-8000-f10000000027', '00000000-0000-4000-8000-e40000000014', 2, 18700),
  ('00000000-0000-4000-8000-f20000000053', '00000000-0000-4000-8000-b10000000001', '00000000-0000-4000-8000-f10000000027', '00000000-0000-4000-8000-e40000000002', 3, 12900),
  ('00000000-0000-4000-8000-f20000000054', '00000000-0000-4000-8000-b10000000001', '00000000-0000-4000-8000-f10000000027', '00000000-0000-4000-8000-e40000000011', 2, 2950),
  ('00000000-0000-4000-8000-f20000000055', '00000000-0000-4000-8000-b10000000001', '00000000-0000-4000-8000-f10000000028', '00000000-0000-4000-8000-e40000000008', 3, 5600),
  ('00000000-0000-4000-8000-f20000000056', '00000000-0000-4000-8000-b10000000001', '00000000-0000-4000-8000-f10000000029', '00000000-0000-4000-8000-e40000000012', 2, 1200),
  ('00000000-0000-4000-8000-f20000000057', '00000000-0000-4000-8000-b10000000001', '00000000-0000-4000-8000-f10000000030', '00000000-0000-4000-8000-e40000000001', 4, 8450),
  ('00000000-0000-4000-8000-f20000000058', '00000000-0000-4000-8000-b10000000001', '00000000-0000-4000-8000-f10000000030', '00000000-0000-4000-8000-e40000000002', 3, 12900);

insert into invoices (id, business_id, order_id, customer_id, number, type, status, issue_date, due_date, subtotal, tax_rate, tax_amount, total, amount_paid, notes, pdf_url, created_at) values
  ('00000000-0000-4000-8000-f30000000001', '00000000-0000-4000-8000-b10000000001', '00000000-0000-4000-8000-f10000000001', '00000000-0000-4000-8000-c10000000009', 'INV-2026-0001', 'invoice', 'sent', '2026-07-06', '2026-07-13', 40593, 18, 7307, 47900, 0, null, null, '2026-07-06T08:06:00.000Z'),
  ('00000000-0000-4000-8000-f30000000002', '00000000-0000-4000-8000-b10000000001', '00000000-0000-4000-8000-f10000000002', '00000000-0000-4000-8000-c10000000011', 'INV-2026-0002', 'invoice', 'sent', '2026-07-06', '2026-07-13', 5508, 18, 992, 6500, 0, null, null, '2026-07-06T05:40:00.000Z'),
  ('00000000-0000-4000-8000-f30000000003', '00000000-0000-4000-8000-b10000000001', '00000000-0000-4000-8000-f10000000003', '00000000-0000-4000-8000-c10000000008', 'INV-2026-0003', 'invoice', 'sent', '2026-07-06', '2026-07-13', 51271, 18, 9229, 60500, 0, null, null, '2026-07-06T08:42:00.000Z'),
  ('00000000-0000-4000-8000-f30000000004', '00000000-0000-4000-8000-b10000000001', '00000000-0000-4000-8000-f10000000004', '00000000-0000-4000-8000-c10000000014', 'INV-2026-0004', 'invoice', 'paid', '2026-05-17', '2026-05-24', 26314, 18, 4736, 31050, 31050, null, null, '2026-05-17T09:20:00.000Z'),
  ('00000000-0000-4000-8000-f30000000005', '00000000-0000-4000-8000-b10000000001', '00000000-0000-4000-8000-f10000000005', '00000000-0000-4000-8000-c10000000001', 'INV-2026-0005', 'invoice', 'paid', '2026-05-18', '2026-05-25', 17288, 18, 3112, 20400, 20400, null, null, '2026-05-18T12:14:00.000Z'),
  ('00000000-0000-4000-8000-f30000000006', '00000000-0000-4000-8000-b10000000001', '00000000-0000-4000-8000-f10000000006', '00000000-0000-4000-8000-c10000000009', 'INV-2026-0006', 'invoice', 'overdue', '2026-06-04', '2026-06-11', 29746, 18, 5354, 35100, 0, null, null, '2026-06-04T12:21:00.000Z'),
  ('00000000-0000-4000-8000-f30000000007', '00000000-0000-4000-8000-b10000000001', '00000000-0000-4000-8000-f10000000007', '00000000-0000-4000-8000-c10000000003', 'INV-2026-0007', 'invoice', 'overdue', '2026-06-04', '2026-06-11', 13263, 18, 2387, 15650, 0, null, null, '2026-06-04T07:20:00.000Z'),
  ('00000000-0000-4000-8000-f30000000008', '00000000-0000-4000-8000-b10000000001', '00000000-0000-4000-8000-f10000000008', '00000000-0000-4000-8000-c10000000003', 'INV-2026-0008', 'invoice', 'paid', '2026-05-16', '2026-05-23', 2754, 18, 496, 3250, 3250, null, null, '2026-05-16T08:12:00.000Z'),
  ('00000000-0000-4000-8000-f30000000009', '00000000-0000-4000-8000-b10000000001', '00000000-0000-4000-8000-f10000000009', '00000000-0000-4000-8000-c10000000010', 'INV-2026-0009', 'invoice', 'paid', '2026-05-23', '2026-05-30', 10085, 18, 1815, 11900, 11900, null, null, '2026-05-23T10:41:00.000Z'),
  ('00000000-0000-4000-8000-f30000000010', '00000000-0000-4000-8000-b10000000001', '00000000-0000-4000-8000-f10000000010', '00000000-0000-4000-8000-c10000000010', 'INV-2026-0010', 'invoice', 'overdue', '2026-06-26', '2026-07-03', 5212, 18, 938, 6150, 0, null, null, '2026-06-26T09:02:00.000Z'),
  ('00000000-0000-4000-8000-f30000000011', '00000000-0000-4000-8000-b10000000001', '00000000-0000-4000-8000-f10000000011', '00000000-0000-4000-8000-c10000000013', 'INV-2026-0011', 'invoice', 'partial', '2026-06-17', '2026-06-24', 4746, 18, 854, 5600, 2800, null, null, '2026-06-17T08:35:00.000Z'),
  ('00000000-0000-4000-8000-f30000000012', '00000000-0000-4000-8000-b10000000001', '00000000-0000-4000-8000-f10000000012', '00000000-0000-4000-8000-c10000000009', 'INV-2026-0012', 'invoice', 'paid', '2026-05-26', '2026-06-02', 68517, 18, 12333, 80850, 80850, null, null, '2026-05-26T10:17:00.000Z'),
  ('00000000-0000-4000-8000-f30000000013', '00000000-0000-4000-8000-b10000000001', '00000000-0000-4000-8000-f10000000013', '00000000-0000-4000-8000-c10000000013', 'INV-2026-0013', 'invoice', 'paid', '2026-06-19', '2026-06-26', 28559, 18, 5141, 33700, 33700, null, null, '2026-06-19T06:47:00.000Z'),
  ('00000000-0000-4000-8000-f30000000014', '00000000-0000-4000-8000-b10000000001', '00000000-0000-4000-8000-f10000000014', '00000000-0000-4000-8000-c10000000008', 'INV-2026-0014', 'invoice', 'partial', '2026-06-08', '2026-06-15', 15466, 18, 2784, 18250, 9125, null, null, '2026-06-08T11:48:00.000Z'),
  ('00000000-0000-4000-8000-f30000000015', '00000000-0000-4000-8000-b10000000001', '00000000-0000-4000-8000-f10000000015', '00000000-0000-4000-8000-c10000000005', 'INV-2026-0015', 'invoice', 'partial', '2026-05-18', '2026-05-25', 25085, 18, 4515, 29600, 14800, null, null, '2026-05-18T07:22:00.000Z'),
  ('00000000-0000-4000-8000-f30000000016', '00000000-0000-4000-8000-b10000000001', '00000000-0000-4000-8000-f10000000016', '00000000-0000-4000-8000-c10000000012', 'INV-2026-0016', 'invoice', 'paid', '2026-06-14', '2026-06-21', 49407, 18, 8893, 58300, 58300, null, null, '2026-06-14T06:07:00.000Z'),
  ('00000000-0000-4000-8000-f30000000017', '00000000-0000-4000-8000-b10000000001', '00000000-0000-4000-8000-f10000000017', '00000000-0000-4000-8000-c10000000011', 'INV-2026-0017', 'invoice', 'paid', '2026-06-18', '2026-06-25', 18093, 18, 3257, 21350, 21350, null, null, '2026-06-18T08:06:00.000Z'),
  ('00000000-0000-4000-8000-f30000000018', '00000000-0000-4000-8000-b10000000001', '00000000-0000-4000-8000-f10000000018', '00000000-0000-4000-8000-c10000000011', 'INV-2026-0018', 'invoice', 'sent', '2026-07-04', '2026-07-11', 4449, 18, 801, 5250, 0, null, null, '2026-07-04T03:46:00.000Z'),
  ('00000000-0000-4000-8000-f30000000019', '00000000-0000-4000-8000-b10000000001', '00000000-0000-4000-8000-f10000000019', '00000000-0000-4000-8000-c10000000010', 'INV-2026-0019', 'invoice', 'paid', '2026-05-16', '2026-05-23', 3136, 18, 564, 3700, 3700, null, null, '2026-05-16T06:35:00.000Z'),
  ('00000000-0000-4000-8000-f30000000020', '00000000-0000-4000-8000-b10000000001', '00000000-0000-4000-8000-f10000000020', '00000000-0000-4000-8000-c10000000011', 'INV-2026-0020', 'invoice', 'overdue', '2026-06-07', '2026-06-14', 30127, 18, 5423, 35550, 0, null, null, '2026-06-07T05:16:00.000Z'),
  ('00000000-0000-4000-8000-f30000000021', '00000000-0000-4000-8000-b10000000001', '00000000-0000-4000-8000-f10000000021', '00000000-0000-4000-8000-c10000000010', 'INV-2026-0021', 'invoice', 'paid', '2026-06-07', '2026-06-14', 33220, 18, 5980, 39200, 39200, null, null, '2026-06-07T11:50:00.000Z'),
  ('00000000-0000-4000-8000-f30000000022', '00000000-0000-4000-8000-b10000000001', '00000000-0000-4000-8000-f10000000022', '00000000-0000-4000-8000-c10000000007', 'INV-2026-0022', 'invoice', 'paid', '2026-07-02', '2026-07-09', 17373, 18, 3127, 20500, 20500, null, null, '2026-07-02T04:16:00.000Z'),
  ('00000000-0000-4000-8000-f30000000023', '00000000-0000-4000-8000-b10000000001', '00000000-0000-4000-8000-f10000000023', '00000000-0000-4000-8000-c10000000009', 'INV-2026-0023', 'invoice', 'partial', '2026-07-02', '2026-07-09', 7373, 18, 1327, 8700, 4350, null, null, '2026-07-02T10:06:00.000Z'),
  ('00000000-0000-4000-8000-f30000000024', '00000000-0000-4000-8000-b10000000001', '00000000-0000-4000-8000-f10000000024', '00000000-0000-4000-8000-c10000000011', 'INV-2026-0024', 'invoice', 'paid', '2026-06-25', '2026-07-02', 62754, 18, 11296, 74050, 74050, null, null, '2026-06-25T03:49:00.000Z'),
  ('00000000-0000-4000-8000-f30000000025', '00000000-0000-4000-8000-b10000000001', '00000000-0000-4000-8000-f10000000025', '00000000-0000-4000-8000-c10000000008', 'INV-2026-0025', 'invoice', 'overdue', '2026-05-07', '2026-05-14', 27754, 18, 4996, 32750, 0, null, null, '2026-05-07T05:58:00.000Z'),
  ('00000000-0000-4000-8000-f30000000026', '00000000-0000-4000-8000-b10000000001', '00000000-0000-4000-8000-f10000000026', '00000000-0000-4000-8000-c10000000012', 'INV-2026-0026', 'invoice', 'paid', '2026-06-22', '2026-06-29', 31780, 18, 5720, 37500, 37500, null, null, '2026-06-22T06:01:00.000Z'),
  ('00000000-0000-4000-8000-f30000000027', '00000000-0000-4000-8000-b10000000001', '00000000-0000-4000-8000-f10000000027', '00000000-0000-4000-8000-c10000000014', 'INV-2026-0027', 'invoice', 'paid', '2026-07-05', '2026-07-12', 69492, 18, 12508, 82000, 82000, null, null, '2026-07-05T09:33:00.000Z'),
  ('00000000-0000-4000-8000-f30000000028', '00000000-0000-4000-8000-b10000000001', '00000000-0000-4000-8000-f10000000028', '00000000-0000-4000-8000-c10000000011', 'INV-2026-0028', 'invoice', 'sent', '2026-07-05', '2026-07-12', 14237, 18, 2563, 16800, 0, null, null, '2026-07-05T10:30:00.000Z'),
  ('00000000-0000-4000-8000-f30000000029', '00000000-0000-4000-8000-b10000000001', '00000000-0000-4000-8000-f10000000029', '00000000-0000-4000-8000-c10000000007', 'INV-2026-0029', 'invoice', 'paid', '2026-06-25', '2026-07-02', 2034, 18, 366, 2400, 2400, null, null, '2026-06-25T10:24:00.000Z'),
  ('00000000-0000-4000-8000-f30000000030', '00000000-0000-4000-8000-b10000000001', '00000000-0000-4000-8000-f10000000030', '00000000-0000-4000-8000-c10000000013', 'INV-2026-0030', 'invoice', 'paid', '2026-05-29', '2026-06-05', 61441, 18, 11059, 72500, 72500, null, null, '2026-05-29T09:26:00.000Z'),
  ('00000000-0000-4000-8000-f30000000031', '00000000-0000-4000-8000-b10000000001', null, '00000000-0000-4000-8000-c10000000011', 'QUO-2026-0001', 'quotation', 'draft', '2026-06-26', '2026-07-10', 13347, 18, 2403, 15750, 0, 'Quotation for 9 × Bamboo Shoe Rack', null, '2026-06-26T06:30:00.000Z'),
  ('00000000-0000-4000-8000-f30000000032', '00000000-0000-4000-8000-b10000000001', null, '00000000-0000-4000-8000-c10000000012', 'QUO-2026-0002', 'quotation', 'sent', '2026-06-27', '2026-07-11', 14746, 18, 2654, 17400, 0, 'Quotation for 12 × Terracotta Planter Set', null, '2026-06-27T06:30:00.000Z'),
  ('00000000-0000-4000-8000-f30000000033', '00000000-0000-4000-8000-b10000000001', null, '00000000-0000-4000-8000-c10000000013', 'QUO-2026-0003', 'quotation', 'sent', '2026-07-04', '2026-07-18', 13517, 18, 2433, 15950, 0, 'Quotation for 11 × Terracotta Planter Set', null, '2026-07-04T06:30:00.000Z');

insert into payments (id, business_id, invoice_id, customer_id, amount, method, reference, paid_at, created_at) values
  ('00000000-0000-4000-8000-f40000000001', '00000000-0000-4000-8000-b10000000001', '00000000-0000-4000-8000-f30000000004', '00000000-0000-4000-8000-c10000000014', 31050, 'bank', 'PAY-0001', '2026-05-23T09:20:00.000Z', '2026-05-20T09:20:00.000Z'),
  ('00000000-0000-4000-8000-f40000000002', '00000000-0000-4000-8000-b10000000001', '00000000-0000-4000-8000-f30000000005', '00000000-0000-4000-8000-c10000000001', 20400, 'card', 'PAY-0002', '2026-05-24T12:14:00.000Z', '2026-05-23T12:14:00.000Z'),
  ('00000000-0000-4000-8000-f40000000003', '00000000-0000-4000-8000-b10000000001', '00000000-0000-4000-8000-f30000000008', '00000000-0000-4000-8000-c10000000003', 3250, 'bank', 'PAY-0003', '2026-05-19T08:12:00.000Z', '2026-05-21T08:12:00.000Z'),
  ('00000000-0000-4000-8000-f40000000004', '00000000-0000-4000-8000-b10000000001', '00000000-0000-4000-8000-f30000000009', '00000000-0000-4000-8000-c10000000010', 11900, 'upi', 'PAY-0004', '2026-05-24T10:41:00.000Z', '2026-05-26T10:41:00.000Z'),
  ('00000000-0000-4000-8000-f40000000005', '00000000-0000-4000-8000-b10000000001', '00000000-0000-4000-8000-f30000000011', '00000000-0000-4000-8000-c10000000013', 2800, 'bank', 'PAY-0005', '2026-06-17T08:35:00.000Z', '2026-06-23T08:35:00.000Z'),
  ('00000000-0000-4000-8000-f40000000006', '00000000-0000-4000-8000-b10000000001', '00000000-0000-4000-8000-f30000000012', '00000000-0000-4000-8000-c10000000009', 80850, 'bank', 'PAY-0006', '2026-06-01T10:17:00.000Z', '2026-05-26T10:17:00.000Z'),
  ('00000000-0000-4000-8000-f40000000007', '00000000-0000-4000-8000-b10000000001', '00000000-0000-4000-8000-f30000000013', '00000000-0000-4000-8000-c10000000013', 33700, 'cash', 'PAY-0007', '2026-06-25T06:47:00.000Z', '2026-06-23T06:47:00.000Z'),
  ('00000000-0000-4000-8000-f40000000008', '00000000-0000-4000-8000-b10000000001', '00000000-0000-4000-8000-f30000000014', '00000000-0000-4000-8000-c10000000008', 9125, 'upi', 'PAY-0008', '2026-06-12T11:48:00.000Z', '2026-06-12T11:48:00.000Z'),
  ('00000000-0000-4000-8000-f40000000009', '00000000-0000-4000-8000-b10000000001', '00000000-0000-4000-8000-f30000000015', '00000000-0000-4000-8000-c10000000005', 14800, 'upi', 'PAY-0009', '2026-05-20T07:22:00.000Z', '2026-05-24T07:22:00.000Z'),
  ('00000000-0000-4000-8000-f40000000010', '00000000-0000-4000-8000-b10000000001', '00000000-0000-4000-8000-f30000000016', '00000000-0000-4000-8000-c10000000012', 58300, 'bank', 'PAY-0010', '2026-06-20T06:07:00.000Z', '2026-06-18T06:07:00.000Z'),
  ('00000000-0000-4000-8000-f40000000011', '00000000-0000-4000-8000-b10000000001', '00000000-0000-4000-8000-f30000000017', '00000000-0000-4000-8000-c10000000011', 21350, 'cash', 'PAY-0011', '2026-06-23T08:06:00.000Z', '2026-06-22T08:06:00.000Z'),
  ('00000000-0000-4000-8000-f40000000012', '00000000-0000-4000-8000-b10000000001', '00000000-0000-4000-8000-f30000000019', '00000000-0000-4000-8000-c10000000010', 3700, 'card', 'PAY-0012', '2026-05-19T06:35:00.000Z', '2026-05-19T06:35:00.000Z'),
  ('00000000-0000-4000-8000-f40000000013', '00000000-0000-4000-8000-b10000000001', '00000000-0000-4000-8000-f30000000021', '00000000-0000-4000-8000-c10000000010', 39200, 'upi', 'PAY-0013', '2026-06-12T11:50:00.000Z', '2026-06-10T11:50:00.000Z'),
  ('00000000-0000-4000-8000-f40000000014', '00000000-0000-4000-8000-b10000000001', '00000000-0000-4000-8000-f30000000022', '00000000-0000-4000-8000-c10000000007', 20500, 'upi', 'PAY-0014', '2026-07-07T04:16:00.000Z', '2026-07-03T04:16:00.000Z'),
  ('00000000-0000-4000-8000-f40000000015', '00000000-0000-4000-8000-b10000000001', '00000000-0000-4000-8000-f30000000023', '00000000-0000-4000-8000-c10000000009', 4350, 'upi', 'PAY-0015', '2026-07-08T10:06:00.000Z', '2026-07-06T10:06:00.000Z'),
  ('00000000-0000-4000-8000-f40000000016', '00000000-0000-4000-8000-b10000000001', '00000000-0000-4000-8000-f30000000024', '00000000-0000-4000-8000-c10000000011', 74050, 'cash', 'PAY-0016', '2026-06-25T03:49:00.000Z', '2026-06-25T03:49:00.000Z'),
  ('00000000-0000-4000-8000-f40000000017', '00000000-0000-4000-8000-b10000000001', '00000000-0000-4000-8000-f30000000026', '00000000-0000-4000-8000-c10000000012', 37500, 'bank', 'PAY-0017', '2026-06-23T06:01:00.000Z', '2026-06-25T06:01:00.000Z'),
  ('00000000-0000-4000-8000-f40000000018', '00000000-0000-4000-8000-b10000000001', '00000000-0000-4000-8000-f30000000027', '00000000-0000-4000-8000-c10000000014', 82000, 'bank', 'PAY-0018', '2026-07-08T09:33:00.000Z', '2026-07-09T09:33:00.000Z'),
  ('00000000-0000-4000-8000-f40000000019', '00000000-0000-4000-8000-b10000000001', '00000000-0000-4000-8000-f30000000029', '00000000-0000-4000-8000-c10000000007', 2400, 'bank', 'PAY-0019', '2026-06-30T10:24:00.000Z', '2026-06-25T10:24:00.000Z'),
  ('00000000-0000-4000-8000-f40000000020', '00000000-0000-4000-8000-b10000000001', '00000000-0000-4000-8000-f30000000030', '00000000-0000-4000-8000-c10000000013', 72500, 'card', 'PAY-0020', '2026-06-01T09:26:00.000Z', '2026-06-02T09:26:00.000Z');

insert into expenses (id, business_id, category, vendor, description, amount, tax_amount, date, created_by, created_at) values
  ('00000000-0000-4000-8000-f50000000001', '00000000-0000-4000-8000-b10000000001', 'Rent', 'Prestige Properties', 'Rent — Prestige Properties', 85499, 0, '2026-06-10', '00000000-0000-4000-8000-a10000000004', '2026-06-30T09:30:00.000Z'),
  ('00000000-0000-4000-8000-f50000000002', '00000000-0000-4000-8000-b10000000001', 'Utilities', 'BESCOM', 'Utilities — BESCOM', 12634, 0, '2026-07-03', '00000000-0000-4000-8000-a10000000004', '2026-06-18T09:30:00.000Z'),
  ('00000000-0000-4000-8000-f50000000003', '00000000-0000-4000-8000-b10000000001', 'Utilities', 'BWSSB', 'Utilities — BWSSB', 3389, 0, '2026-06-24', '00000000-0000-4000-8000-a10000000004', '2026-06-20T09:30:00.000Z'),
  ('00000000-0000-4000-8000-f50000000004', '00000000-0000-4000-8000-b10000000001', 'Marketing', 'Meta Ads', 'Marketing — Meta Ads', 19205, 0, '2026-06-25', '00000000-0000-4000-8000-a10000000004', '2026-06-20T09:30:00.000Z'),
  ('00000000-0000-4000-8000-f50000000005', '00000000-0000-4000-8000-b10000000001', 'Marketing', 'Google Ads', 'Marketing — Google Ads', 14474, 0, '2026-06-10', '00000000-0000-4000-8000-a10000000004', '2026-06-30T09:30:00.000Z'),
  ('00000000-0000-4000-8000-f50000000006', '00000000-0000-4000-8000-b10000000001', 'Logistics', 'Porter', 'Logistics — Porter', 10152, 0, '2026-06-17', '00000000-0000-4000-8000-a10000000004', '2026-06-20T09:30:00.000Z'),
  ('00000000-0000-4000-8000-f50000000007', '00000000-0000-4000-8000-b10000000001', 'Logistics', 'Delhivery', 'Logistics — Delhivery', 7671, 0, '2026-06-19', '00000000-0000-4000-8000-a10000000004', '2026-06-12T09:30:00.000Z'),
  ('00000000-0000-4000-8000-f50000000008', '00000000-0000-4000-8000-b10000000001', 'Supplies', 'Office Depot', 'Supplies — Office Depot', 4534, 0, '2026-07-04', '00000000-0000-4000-8000-a10000000004', '2026-07-03T09:30:00.000Z'),
  ('00000000-0000-4000-8000-f50000000009', '00000000-0000-4000-8000-b10000000001', 'Salaries', 'Payroll', 'Salaries — Payroll', 378675, 0, '2026-06-12', '00000000-0000-4000-8000-a10000000004', '2026-07-04T09:30:00.000Z'),
  ('00000000-0000-4000-8000-f50000000010', '00000000-0000-4000-8000-b10000000001', 'Insurance', 'ICICI Lombard', 'Insurance — ICICI Lombard', 10430, 0, '2026-06-21', '00000000-0000-4000-8000-a10000000004', '2026-07-03T09:30:00.000Z'),
  ('00000000-0000-4000-8000-f50000000011', '00000000-0000-4000-8000-b10000000001', 'Rent', 'Prestige Properties', 'Rent — Prestige Properties', 89167, 0, '2026-05-20', '00000000-0000-4000-8000-a10000000004', '2026-06-04T09:30:00.000Z'),
  ('00000000-0000-4000-8000-f50000000012', '00000000-0000-4000-8000-b10000000001', 'Utilities', 'BESCOM', 'Utilities — BESCOM', 12166, 0, '2026-05-15', '00000000-0000-4000-8000-a10000000004', '2026-05-27T09:30:00.000Z'),
  ('00000000-0000-4000-8000-f50000000013', '00000000-0000-4000-8000-b10000000001', 'Utilities', 'BWSSB', 'Utilities — BWSSB', 3007, 0, '2026-05-17', '00000000-0000-4000-8000-a10000000004', '2026-05-19T09:30:00.000Z'),
  ('00000000-0000-4000-8000-f50000000014', '00000000-0000-4000-8000-b10000000001', 'Marketing', 'Meta Ads', 'Marketing — Meta Ads', 16380, 0, '2026-05-20', '00000000-0000-4000-8000-a10000000004', '2026-05-21T09:30:00.000Z'),
  ('00000000-0000-4000-8000-f50000000015', '00000000-0000-4000-8000-b10000000001', 'Marketing', 'Google Ads', 'Marketing — Google Ads', 16588, 0, '2026-05-21', '00000000-0000-4000-8000-a10000000004', '2026-05-25T09:30:00.000Z'),
  ('00000000-0000-4000-8000-f50000000016', '00000000-0000-4000-8000-b10000000001', 'Logistics', 'Porter', 'Logistics — Porter', 9973, 0, '2026-05-25', '00000000-0000-4000-8000-a10000000004', '2026-05-21T09:30:00.000Z'),
  ('00000000-0000-4000-8000-f50000000017', '00000000-0000-4000-8000-b10000000001', 'Logistics', 'Delhivery', 'Logistics — Delhivery', 7136, 0, '2026-06-01', '00000000-0000-4000-8000-a10000000004', '2026-05-18T09:30:00.000Z'),
  ('00000000-0000-4000-8000-f50000000018', '00000000-0000-4000-8000-b10000000001', 'Supplies', 'Office Depot', 'Supplies — Office Depot', 4500, 0, '2026-05-28', '00000000-0000-4000-8000-a10000000004', '2026-05-12T09:30:00.000Z'),
  ('00000000-0000-4000-8000-f50000000019', '00000000-0000-4000-8000-b10000000001', 'Salaries', 'Payroll', 'Salaries — Payroll', 448529, 0, '2026-05-25', '00000000-0000-4000-8000-a10000000004', '2026-05-21T09:30:00.000Z'),
  ('00000000-0000-4000-8000-f50000000020', '00000000-0000-4000-8000-b10000000001', 'Insurance', 'ICICI Lombard', 'Insurance — ICICI Lombard', 11128, 0, '2026-05-19', '00000000-0000-4000-8000-a10000000004', '2026-05-11T09:30:00.000Z');

insert into stock_movements (id, business_id, product_id, warehouse_id, type, qty, reason, reference, created_by, created_at) values
  ('00000000-0000-4000-8000-e50000000001', '00000000-0000-4000-8000-b10000000001', '00000000-0000-4000-8000-e40000000005', '00000000-0000-4000-8000-e30000000001', 'out', 1, 'Order fulfilment', 'ORD-0001', '00000000-0000-4000-8000-a10000000005', '2026-07-06T08:06:00.000Z'),
  ('00000000-0000-4000-8000-e50000000002', '00000000-0000-4000-8000-b10000000001', '00000000-0000-4000-8000-e40000000006', '00000000-0000-4000-8000-e30000000002', 'out', 1, 'Order fulfilment', 'ORD-0001', '00000000-0000-4000-8000-a10000000005', '2026-07-06T08:06:00.000Z'),
  ('00000000-0000-4000-8000-e50000000003', '00000000-0000-4000-8000-b10000000001', '00000000-0000-4000-8000-e40000000003', '00000000-0000-4000-8000-e30000000001', 'out', 2, 'Order fulfilment', 'ORD-0002', '00000000-0000-4000-8000-a10000000005', '2026-07-06T05:40:00.000Z'),
  ('00000000-0000-4000-8000-e50000000004', '00000000-0000-4000-8000-b10000000001', '00000000-0000-4000-8000-e40000000015', '00000000-0000-4000-8000-e30000000001', 'out', 4, 'Order fulfilment', 'ORD-0003', '00000000-0000-4000-8000-a10000000005', '2026-07-06T08:42:00.000Z'),
  ('00000000-0000-4000-8000-e50000000005', '00000000-0000-4000-8000-b10000000001', '00000000-0000-4000-8000-e40000000017', '00000000-0000-4000-8000-e30000000001', 'out', 1, 'Order fulfilment', 'ORD-0003', '00000000-0000-4000-8000-a10000000005', '2026-07-06T08:42:00.000Z'),
  ('00000000-0000-4000-8000-e50000000006', '00000000-0000-4000-8000-b10000000001', '00000000-0000-4000-8000-e40000000003', '00000000-0000-4000-8000-e30000000001', 'out', 3, 'Order fulfilment', 'ORD-0004', '00000000-0000-4000-8000-a10000000005', '2026-05-17T09:20:00.000Z'),
  ('00000000-0000-4000-8000-e50000000007', '00000000-0000-4000-8000-b10000000001', '00000000-0000-4000-8000-e40000000017', '00000000-0000-4000-8000-e30000000001', 'out', 1, 'Order fulfilment', 'ORD-0004', '00000000-0000-4000-8000-a10000000005', '2026-05-17T09:20:00.000Z'),
  ('00000000-0000-4000-8000-e50000000008', '00000000-0000-4000-8000-b10000000001', '00000000-0000-4000-8000-e40000000004', '00000000-0000-4000-8000-e30000000002', 'out', 3, 'Order fulfilment', 'ORD-0005', '00000000-0000-4000-8000-a10000000005', '2026-05-18T12:14:00.000Z'),
  ('00000000-0000-4000-8000-e50000000009', '00000000-0000-4000-8000-b10000000001', '00000000-0000-4000-8000-e40000000009', '00000000-0000-4000-8000-e30000000001', 'out', 4, 'Order fulfilment', 'ORD-0006', '00000000-0000-4000-8000-a10000000005', '2026-06-04T12:21:00.000Z'),
  ('00000000-0000-4000-8000-e50000000010', '00000000-0000-4000-8000-b10000000001', '00000000-0000-4000-8000-e40000000014', '00000000-0000-4000-8000-e30000000002', 'out', 1, 'Order fulfilment', 'ORD-0006', '00000000-0000-4000-8000-a10000000005', '2026-06-04T12:21:00.000Z'),
  ('00000000-0000-4000-8000-e50000000011', '00000000-0000-4000-8000-b10000000001', '00000000-0000-4000-8000-e40000000001', '00000000-0000-4000-8000-e30000000001', 'out', 1, 'Order fulfilment', 'ORD-0007', '00000000-0000-4000-8000-a10000000005', '2026-06-04T07:20:00.000Z'),
  ('00000000-0000-4000-8000-e50000000012', '00000000-0000-4000-8000-b10000000001', '00000000-0000-4000-8000-e40000000013', '00000000-0000-4000-8000-e30000000001', 'out', 3, 'Order fulfilment', 'ORD-0007', '00000000-0000-4000-8000-a10000000005', '2026-06-04T07:20:00.000Z'),
  ('00000000-0000-4000-8000-e50000000013', '00000000-0000-4000-8000-b10000000001', '00000000-0000-4000-8000-e40000000003', '00000000-0000-4000-8000-e30000000001', 'out', 1, 'Order fulfilment', 'ORD-0008', '00000000-0000-4000-8000-a10000000005', '2026-05-16T08:12:00.000Z'),
  ('00000000-0000-4000-8000-e50000000014', '00000000-0000-4000-8000-b10000000001', '00000000-0000-4000-8000-e40000000009', '00000000-0000-4000-8000-e30000000001', 'out', 2, 'Order fulfilment', 'ORD-0009', '00000000-0000-4000-8000-a10000000005', '2026-05-23T10:41:00.000Z'),
  ('00000000-0000-4000-8000-e50000000015', '00000000-0000-4000-8000-b10000000001', '00000000-0000-4000-8000-e40000000010', '00000000-0000-4000-8000-e30000000002', 'out', 2, 'Order fulfilment', 'ORD-0009', '00000000-0000-4000-8000-a10000000005', '2026-05-23T10:41:00.000Z'),
  ('00000000-0000-4000-8000-e50000000016', '00000000-0000-4000-8000-b10000000001', '00000000-0000-4000-8000-e40000000003', '00000000-0000-4000-8000-e30000000001', 'out', 1, 'Order fulfilment', 'ORD-0010', '00000000-0000-4000-8000-a10000000005', '2026-06-26T09:02:00.000Z'),
  ('00000000-0000-4000-8000-e50000000017', '00000000-0000-4000-8000-b10000000001', '00000000-0000-4000-8000-e40000000019', '00000000-0000-4000-8000-e30000000001', 'out', 1, 'Order fulfilment', 'ORD-0010', '00000000-0000-4000-8000-a10000000005', '2026-06-26T09:02:00.000Z'),
  ('00000000-0000-4000-8000-e50000000018', '00000000-0000-4000-8000-b10000000001', '00000000-0000-4000-8000-e40000000008', '00000000-0000-4000-8000-e30000000002', 'out', 1, 'Order fulfilment', 'ORD-0011', '00000000-0000-4000-8000-a10000000005', '2026-06-17T08:35:00.000Z'),
  ('00000000-0000-4000-8000-e50000000019', '00000000-0000-4000-8000-b10000000001', '00000000-0000-4000-8000-e40000000011', '00000000-0000-4000-8000-e30000000001', 'out', 1, 'Order fulfilment', 'ORD-0012', '00000000-0000-4000-8000-a10000000005', '2026-05-26T10:17:00.000Z'),
  ('00000000-0000-4000-8000-e50000000020', '00000000-0000-4000-8000-b10000000001', '00000000-0000-4000-8000-e40000000002', '00000000-0000-4000-8000-e30000000002', 'out', 1, 'Order fulfilment', 'ORD-0012', '00000000-0000-4000-8000-a10000000005', '2026-05-26T10:17:00.000Z'),
  ('00000000-0000-4000-8000-e50000000021', '00000000-0000-4000-8000-b10000000001', '00000000-0000-4000-8000-e40000000006', '00000000-0000-4000-8000-e30000000002', 'out', 2, 'Order fulfilment', 'ORD-0012', '00000000-0000-4000-8000-a10000000005', '2026-05-26T10:17:00.000Z'),
  ('00000000-0000-4000-8000-e50000000022', '00000000-0000-4000-8000-b10000000001', '00000000-0000-4000-8000-e40000000005', '00000000-0000-4000-8000-e30000000001', 'out', 2, 'Order fulfilment', 'ORD-0013', '00000000-0000-4000-8000-a10000000005', '2026-06-19T06:47:00.000Z'),
  ('00000000-0000-4000-8000-e50000000023', '00000000-0000-4000-8000-b10000000001', '00000000-0000-4000-8000-e40000000020', '00000000-0000-4000-8000-e30000000002', 'out', 2, 'Order fulfilment', 'ORD-0013', '00000000-0000-4000-8000-a10000000005', '2026-06-19T06:47:00.000Z'),
  ('00000000-0000-4000-8000-e50000000024', '00000000-0000-4000-8000-b10000000001', '00000000-0000-4000-8000-e40000000011', '00000000-0000-4000-8000-e30000000001', 'out', 3, 'Order fulfilment', 'ORD-0014', '00000000-0000-4000-8000-a10000000005', '2026-06-08T11:48:00.000Z'),
  ('00000000-0000-4000-8000-e50000000025', '00000000-0000-4000-8000-b10000000001', '00000000-0000-4000-8000-e40000000012', '00000000-0000-4000-8000-e30000000002', 'out', 3, 'Order fulfilment', 'ORD-0014', '00000000-0000-4000-8000-a10000000005', '2026-06-08T11:48:00.000Z'),
  ('00000000-0000-4000-8000-e50000000026', '00000000-0000-4000-8000-b10000000001', '00000000-0000-4000-8000-e40000000020', '00000000-0000-4000-8000-e30000000002', 'out', 4, 'Order fulfilment', 'ORD-0014', '00000000-0000-4000-8000-a10000000005', '2026-06-08T11:48:00.000Z'),
  ('00000000-0000-4000-8000-e50000000027', '00000000-0000-4000-8000-b10000000001', '00000000-0000-4000-8000-e40000000009', '00000000-0000-4000-8000-e30000000001', 'out', 2, 'Order fulfilment', 'ORD-0015', '00000000-0000-4000-8000-a10000000005', '2026-05-18T07:22:00.000Z'),
  ('00000000-0000-4000-8000-e50000000028', '00000000-0000-4000-8000-b10000000001', '00000000-0000-4000-8000-e40000000011', '00000000-0000-4000-8000-e30000000001', 'out', 4, 'Order fulfilment', 'ORD-0015', '00000000-0000-4000-8000-a10000000005', '2026-05-18T07:22:00.000Z'),
  ('00000000-0000-4000-8000-e50000000029', '00000000-0000-4000-8000-b10000000001', '00000000-0000-4000-8000-e40000000013', '00000000-0000-4000-8000-e30000000001', 'out', 4, 'Order fulfilment', 'ORD-0015', '00000000-0000-4000-8000-a10000000005', '2026-05-18T07:22:00.000Z'),
  ('00000000-0000-4000-8000-e50000000030', '00000000-0000-4000-8000-b10000000001', '00000000-0000-4000-8000-e40000000015', '00000000-0000-4000-8000-e30000000001', 'out', 1, 'Order fulfilment', 'ORD-0016', '00000000-0000-4000-8000-a10000000005', '2026-06-14T06:07:00.000Z'),
  ('00000000-0000-4000-8000-e50000000031', '00000000-0000-4000-8000-b10000000001', '00000000-0000-4000-8000-e40000000017', '00000000-0000-4000-8000-e30000000001', 'out', 2, 'Order fulfilment', 'ORD-0016', '00000000-0000-4000-8000-a10000000005', '2026-06-14T06:07:00.000Z'),
  ('00000000-0000-4000-8000-e50000000032', '00000000-0000-4000-8000-b10000000001', '00000000-0000-4000-8000-e40000000011', '00000000-0000-4000-8000-e30000000001', 'out', 2, 'Order fulfilment', 'ORD-0016', '00000000-0000-4000-8000-a10000000005', '2026-06-14T06:07:00.000Z'),
  ('00000000-0000-4000-8000-e50000000033', '00000000-0000-4000-8000-b10000000001', '00000000-0000-4000-8000-e40000000001', '00000000-0000-4000-8000-e30000000001', 'out', 1, 'Order fulfilment', 'ORD-0017', '00000000-0000-4000-8000-a10000000005', '2026-06-18T08:06:00.000Z'),
  ('00000000-0000-4000-8000-e50000000034', '00000000-0000-4000-8000-b10000000001', '00000000-0000-4000-8000-e40000000002', '00000000-0000-4000-8000-e30000000002', 'out', 1, 'Order fulfilment', 'ORD-0017', '00000000-0000-4000-8000-a10000000005', '2026-06-18T08:06:00.000Z'),
  ('00000000-0000-4000-8000-e50000000035', '00000000-0000-4000-8000-b10000000001', '00000000-0000-4000-8000-e40000000018', '00000000-0000-4000-8000-e30000000002', 'out', 3, 'Order fulfilment', 'ORD-0018', '00000000-0000-4000-8000-a10000000005', '2026-07-04T03:46:00.000Z'),
  ('00000000-0000-4000-8000-e50000000036', '00000000-0000-4000-8000-b10000000001', '00000000-0000-4000-8000-e40000000010', '00000000-0000-4000-8000-e30000000002', 'out', 2, 'Order fulfilment', 'ORD-0019', '00000000-0000-4000-8000-a10000000005', '2026-05-16T06:35:00.000Z'),
  ('00000000-0000-4000-8000-e50000000037', '00000000-0000-4000-8000-b10000000001', '00000000-0000-4000-8000-e40000000003', '00000000-0000-4000-8000-e30000000001', 'out', 1, 'Order fulfilment', 'ORD-0020', '00000000-0000-4000-8000-a10000000005', '2026-06-07T05:16:00.000Z'),
  ('00000000-0000-4000-8000-e50000000038', '00000000-0000-4000-8000-b10000000001', '00000000-0000-4000-8000-e40000000001', '00000000-0000-4000-8000-e30000000001', 'out', 2, 'Order fulfilment', 'ORD-0020', '00000000-0000-4000-8000-a10000000005', '2026-06-07T05:16:00.000Z'),
  ('00000000-0000-4000-8000-e50000000039', '00000000-0000-4000-8000-b10000000001', '00000000-0000-4000-8000-e40000000005', '00000000-0000-4000-8000-e30000000001', 'out', 1, 'Order fulfilment', 'ORD-0020', '00000000-0000-4000-8000-a10000000005', '2026-06-07T05:16:00.000Z'),
  ('00000000-0000-4000-8000-e50000000040', '00000000-0000-4000-8000-b10000000001', '00000000-0000-4000-8000-e40000000015', '00000000-0000-4000-8000-e30000000001', 'out', 4, 'Order fulfilment', 'ORD-0021', '00000000-0000-4000-8000-a10000000005', '2026-06-07T11:50:00.000Z'),
  ('00000000-0000-4000-8000-e50000000041', '00000000-0000-4000-8000-b10000000001', '00000000-0000-4000-8000-e40000000016', '00000000-0000-4000-8000-e30000000002', 'out', 2, 'Order fulfilment', 'ORD-0022', '00000000-0000-4000-8000-a10000000005', '2026-07-02T04:16:00.000Z'),
  ('00000000-0000-4000-8000-e50000000042', '00000000-0000-4000-8000-b10000000001', '00000000-0000-4000-8000-e40000000020', '00000000-0000-4000-8000-e30000000002', 'out', 1, 'Order fulfilment', 'ORD-0022', '00000000-0000-4000-8000-a10000000005', '2026-07-02T04:16:00.000Z'),
  ('00000000-0000-4000-8000-e50000000043', '00000000-0000-4000-8000-b10000000001', '00000000-0000-4000-8000-e40000000003', '00000000-0000-4000-8000-e30000000001', 'out', 3, 'Order fulfilment', 'ORD-0022', '00000000-0000-4000-8000-a10000000005', '2026-07-02T04:16:00.000Z'),
  ('00000000-0000-4000-8000-e50000000044', '00000000-0000-4000-8000-b10000000001', '00000000-0000-4000-8000-e40000000019', '00000000-0000-4000-8000-e30000000001', 'out', 3, 'Order fulfilment', 'ORD-0023', '00000000-0000-4000-8000-a10000000005', '2026-07-02T10:06:00.000Z'),
  ('00000000-0000-4000-8000-e50000000045', '00000000-0000-4000-8000-b10000000001', '00000000-0000-4000-8000-e40000000006', '00000000-0000-4000-8000-e30000000002', 'out', 2, 'Order fulfilment', 'ORD-0024', '00000000-0000-4000-8000-a10000000005', '2026-06-25T03:49:00.000Z'),
  ('00000000-0000-4000-8000-e50000000046', '00000000-0000-4000-8000-b10000000001', '00000000-0000-4000-8000-e40000000010', '00000000-0000-4000-8000-e30000000002', 'out', 1, 'Order fulfilment', 'ORD-0024', '00000000-0000-4000-8000-a10000000005', '2026-06-25T03:49:00.000Z'),
  ('00000000-0000-4000-8000-e50000000047', '00000000-0000-4000-8000-b10000000001', '00000000-0000-4000-8000-e40000000013', '00000000-0000-4000-8000-e30000000001', 'out', 3, 'Order fulfilment', 'ORD-0024', '00000000-0000-4000-8000-a10000000005', '2026-06-25T03:49:00.000Z'),
  ('00000000-0000-4000-8000-e50000000048', '00000000-0000-4000-8000-b10000000001', '00000000-0000-4000-8000-e40000000010', '00000000-0000-4000-8000-e30000000002', 'out', 3, 'Order fulfilment', 'ORD-0025', '00000000-0000-4000-8000-a10000000005', '2026-05-07T05:58:00.000Z'),
  ('00000000-0000-4000-8000-e50000000049', '00000000-0000-4000-8000-b10000000001', '00000000-0000-4000-8000-e40000000004', '00000000-0000-4000-8000-e30000000002', 'out', 4, 'Order fulfilment', 'ORD-0025', '00000000-0000-4000-8000-a10000000005', '2026-05-07T05:58:00.000Z'),
  ('00000000-0000-4000-8000-e50000000050', '00000000-0000-4000-8000-b10000000001', '00000000-0000-4000-8000-e40000000010', '00000000-0000-4000-8000-e30000000002', 'out', 2, 'Order fulfilment', 'ORD-0026', '00000000-0000-4000-8000-a10000000005', '2026-06-22T06:01:00.000Z'),
  ('00000000-0000-4000-8000-e50000000051', '00000000-0000-4000-8000-b10000000001', '00000000-0000-4000-8000-e40000000001', '00000000-0000-4000-8000-e30000000001', 'out', 4, 'Order fulfilment', 'ORD-0026', '00000000-0000-4000-8000-a10000000005', '2026-06-22T06:01:00.000Z'),
  ('00000000-0000-4000-8000-e50000000052', '00000000-0000-4000-8000-b10000000001', '00000000-0000-4000-8000-e40000000014', '00000000-0000-4000-8000-e30000000002', 'out', 2, 'Order fulfilment', 'ORD-0027', '00000000-0000-4000-8000-a10000000005', '2026-07-05T09:33:00.000Z'),
  ('00000000-0000-4000-8000-e50000000053', '00000000-0000-4000-8000-b10000000001', '00000000-0000-4000-8000-e40000000002', '00000000-0000-4000-8000-e30000000002', 'out', 3, 'Order fulfilment', 'ORD-0027', '00000000-0000-4000-8000-a10000000005', '2026-07-05T09:33:00.000Z'),
  ('00000000-0000-4000-8000-e50000000054', '00000000-0000-4000-8000-b10000000001', '00000000-0000-4000-8000-e40000000011', '00000000-0000-4000-8000-e30000000001', 'out', 2, 'Order fulfilment', 'ORD-0027', '00000000-0000-4000-8000-a10000000005', '2026-07-05T09:33:00.000Z'),
  ('00000000-0000-4000-8000-e50000000055', '00000000-0000-4000-8000-b10000000001', '00000000-0000-4000-8000-e40000000008', '00000000-0000-4000-8000-e30000000002', 'out', 3, 'Order fulfilment', 'ORD-0028', '00000000-0000-4000-8000-a10000000005', '2026-07-05T10:30:00.000Z'),
  ('00000000-0000-4000-8000-e50000000056', '00000000-0000-4000-8000-b10000000001', '00000000-0000-4000-8000-e40000000012', '00000000-0000-4000-8000-e30000000002', 'out', 2, 'Order fulfilment', 'ORD-0029', '00000000-0000-4000-8000-a10000000005', '2026-06-25T10:24:00.000Z'),
  ('00000000-0000-4000-8000-e50000000057', '00000000-0000-4000-8000-b10000000001', '00000000-0000-4000-8000-e40000000001', '00000000-0000-4000-8000-e30000000001', 'out', 4, 'Order fulfilment', 'ORD-0030', '00000000-0000-4000-8000-a10000000005', '2026-05-29T09:26:00.000Z'),
  ('00000000-0000-4000-8000-e50000000058', '00000000-0000-4000-8000-b10000000001', '00000000-0000-4000-8000-e40000000002', '00000000-0000-4000-8000-e30000000002', 'out', 3, 'Order fulfilment', 'ORD-0030', '00000000-0000-4000-8000-a10000000005', '2026-05-29T09:26:00.000Z'),
  ('00000000-0000-4000-8000-e50000000059', '00000000-0000-4000-8000-b10000000001', '00000000-0000-4000-8000-e40000000001', '00000000-0000-4000-8000-e30000000002', 'in', 6, 'Purchase order received', 'PO-001', '00000000-0000-4000-8000-a10000000003', '2026-06-23T05:30:00.000Z'),
  ('00000000-0000-4000-8000-e50000000060', '00000000-0000-4000-8000-b10000000001', '00000000-0000-4000-8000-e40000000002', '00000000-0000-4000-8000-e30000000002', 'in', 20, 'Purchase order received', 'PO-001', '00000000-0000-4000-8000-a10000000003', '2026-06-23T05:30:00.000Z'),
  ('00000000-0000-4000-8000-e50000000061', '00000000-0000-4000-8000-b10000000001', '00000000-0000-4000-8000-e40000000003', '00000000-0000-4000-8000-e30000000002', 'in', 5, 'Purchase order received', 'PO-001', '00000000-0000-4000-8000-a10000000003', '2026-06-23T05:30:00.000Z'),
  ('00000000-0000-4000-8000-e50000000062', '00000000-0000-4000-8000-b10000000001', '00000000-0000-4000-8000-e40000000006', '00000000-0000-4000-8000-e30000000002', 'in', 18, 'Purchase order received', 'PO-002', '00000000-0000-4000-8000-a10000000003', '2026-06-29T05:30:00.000Z'),
  ('00000000-0000-4000-8000-e50000000063', '00000000-0000-4000-8000-b10000000001', '00000000-0000-4000-8000-e40000000008', '00000000-0000-4000-8000-e30000000002', 'in', 15, 'Purchase order received', 'PO-002', '00000000-0000-4000-8000-a10000000003', '2026-06-29T05:30:00.000Z'),
  ('00000000-0000-4000-8000-e50000000064', '00000000-0000-4000-8000-b10000000001', '00000000-0000-4000-8000-e40000000016', '00000000-0000-4000-8000-e30000000002', 'in', 17, 'Purchase order received', 'PO-002', '00000000-0000-4000-8000-a10000000003', '2026-06-29T05:30:00.000Z'),
  ('00000000-0000-4000-8000-e50000000065', '00000000-0000-4000-8000-b10000000001', '00000000-0000-4000-8000-e40000000004', '00000000-0000-4000-8000-e30000000002', 'in', 18, 'Purchase order received', 'PO-003', '00000000-0000-4000-8000-a10000000003', '2026-06-17T05:30:00.000Z'),
  ('00000000-0000-4000-8000-e50000000066', '00000000-0000-4000-8000-b10000000001', '00000000-0000-4000-8000-e40000000007', '00000000-0000-4000-8000-e30000000002', 'in', 12, 'Purchase order received', 'PO-003', '00000000-0000-4000-8000-a10000000003', '2026-06-17T05:30:00.000Z'),
  ('00000000-0000-4000-8000-e50000000067', '00000000-0000-4000-8000-b10000000001', '00000000-0000-4000-8000-e40000000018', '00000000-0000-4000-8000-e30000000002', 'in', 19, 'Purchase order received', 'PO-003', '00000000-0000-4000-8000-a10000000003', '2026-06-17T05:30:00.000Z'),
  ('00000000-0000-4000-8000-e50000000068', '00000000-0000-4000-8000-b10000000001', '00000000-0000-4000-8000-e40000000020', '00000000-0000-4000-8000-e30000000002', 'adjustment', -2, 'Display unit returned', null, '00000000-0000-4000-8000-a10000000003', '2026-06-21T11:30:00.000Z'),
  ('00000000-0000-4000-8000-e50000000069', '00000000-0000-4000-8000-b10000000001', '00000000-0000-4000-8000-e40000000001', '00000000-0000-4000-8000-e30000000001', 'adjustment', 1, 'Display unit returned', null, '00000000-0000-4000-8000-a10000000003', '2026-06-30T11:30:00.000Z'),
  ('00000000-0000-4000-8000-e50000000070', '00000000-0000-4000-8000-b10000000001', '00000000-0000-4000-8000-e40000000012', '00000000-0000-4000-8000-e30000000002', 'adjustment', 2, 'Stock count correction', null, '00000000-0000-4000-8000-a10000000003', '2026-06-28T11:30:00.000Z'),
  ('00000000-0000-4000-8000-e50000000071', '00000000-0000-4000-8000-b10000000001', '00000000-0000-4000-8000-e40000000017', '00000000-0000-4000-8000-e30000000001', 'adjustment', 1, 'Damage write-off', null, '00000000-0000-4000-8000-a10000000003', '2026-06-26T11:30:00.000Z');

insert into purchase_orders (id, business_id, supplier_id, status, items, total, expected_date, created_at) values
  ('00000000-0000-4000-8000-e60000000001', '00000000-0000-4000-8000-b10000000001', '00000000-0000-4000-8000-e20000000001', 'received', '[{"product_id":"00000000-0000-4000-8000-e40000000001","product_name":"Teak Coffee Table","qty":6,"cost":5200},{"product_id":"00000000-0000-4000-8000-e40000000002","product_name":"Oak Bookshelf","qty":20,"cost":8100},{"product_id":"00000000-0000-4000-8000-e40000000003","product_name":"Sheesham Dining Chair","qty":5,"cost":1950}]'::jsonb, 202950, '2026-06-24', '2026-06-14T05:30:00.000Z'),
  ('00000000-0000-4000-8000-e60000000002', '00000000-0000-4000-8000-b10000000001', '00000000-0000-4000-8000-e20000000002', 'received', '[{"product_id":"00000000-0000-4000-8000-e40000000006","product_name":"Fabric 3-Seater Sofa","qty":18,"cost":21000},{"product_id":"00000000-0000-4000-8000-e40000000008","product_name":"Marble Side Table","qty":15,"cost":3400},{"product_id":"00000000-0000-4000-8000-e40000000016","product_name":"Velvet Ottoman","qty":17,"cost":2800}]'::jsonb, 476600, '2026-06-30', '2026-06-20T05:30:00.000Z'),
  ('00000000-0000-4000-8000-e60000000003', '00000000-0000-4000-8000-b10000000001', '00000000-0000-4000-8000-e20000000003', 'received', '[{"product_id":"00000000-0000-4000-8000-e40000000004","product_name":"Rattan Accent Chair","qty":18,"cost":4100},{"product_id":"00000000-0000-4000-8000-e40000000007","product_name":"Cane Lounge Chair","qty":12,"cost":4300},{"product_id":"00000000-0000-4000-8000-e40000000018","product_name":"Bamboo Shoe Rack","qty":19,"cost":950}]'::jsonb, 143450, '2026-06-18', '2026-06-08T05:30:00.000Z'),
  ('00000000-0000-4000-8000-e60000000004', '00000000-0000-4000-8000-b10000000001', '00000000-0000-4000-8000-e20000000004', 'sent', '[{"product_id":"00000000-0000-4000-8000-e40000000009","product_name":"Brass Floor Lamp","qty":9,"cost":2500},{"product_id":"00000000-0000-4000-8000-e40000000010","product_name":"Ceramic Table Lamp","qty":7,"cost":1050}]'::jsonb, 29850, '2026-06-28', '2026-06-18T05:30:00.000Z'),
  ('00000000-0000-4000-8000-e60000000005', '00000000-0000-4000-8000-b10000000001', '00000000-0000-4000-8000-e20000000005', 'sent', '[{"product_id":"00000000-0000-4000-8000-e40000000011","product_name":"Jute Area Rug","qty":16,"cost":1700},{"product_id":"00000000-0000-4000-8000-e40000000012","product_name":"Cotton Cushion Set","qty":5,"cost":650},{"product_id":"00000000-0000-4000-8000-e40000000013","product_name":"Linen Curtain Pair","qty":7,"cost":1400}]'::jsonb, 40250, '2026-07-03', '2026-06-23T05:30:00.000Z'),
  ('00000000-0000-4000-8000-e60000000006', '00000000-0000-4000-8000-b10000000001', '00000000-0000-4000-8000-e20000000006', 'draft', '[{"product_id":"00000000-0000-4000-8000-e40000000015","product_name":"Steel Storage Cabinet","qty":14,"cost":6100},{"product_id":"00000000-0000-4000-8000-e40000000017","product_name":"Glass Display Cabinet","qty":10,"cost":13600}]'::jsonb, 221400, '2026-06-19', '2026-06-09T05:30:00.000Z');

insert into employees (id, business_id, user_id, name, email, phone, department, designation, salary, join_date, status, performance_notes, created_at) values
  ('00000000-0000-4000-8000-d10000000001', '00000000-0000-4000-8000-b10000000001', '00000000-0000-4000-8000-a10000000003', 'Shreya Kulkarni', 'shreya.kulkarni@vyuhastore.in', '+91 995640 72385', 'Operations', 'Store Manager', 68000, '2025-01-09', 'active', null, '2023-06-22T04:30:00.000Z'),
  ('00000000-0000-4000-8000-d10000000002', '00000000-0000-4000-8000-b10000000001', '00000000-0000-4000-8000-a10000000004', 'Farah Khan', 'farah.khan@vyuhastore.in', '+91 980330 92573', 'Finance', 'Accounts Lead', 62000, '2025-04-29', 'active', null, '2025-07-21T04:30:00.000Z'),
  ('00000000-0000-4000-8000-d10000000003', '00000000-0000-4000-8000-b10000000001', '00000000-0000-4000-8000-a10000000005', 'Rohit Verma', 'rohit.verma@vyuhastore.in', '+91 972790 98439', 'Sales', 'Sales Executive', 42000, '2024-07-30', 'active', null, '2023-04-17T04:30:00.000Z'),
  ('00000000-0000-4000-8000-d10000000004', '00000000-0000-4000-8000-b10000000001', '00000000-0000-4000-8000-a10000000006', 'Anjali Menon', 'anjali.menon@vyuhastore.in', '+91 960840 68661', 'HR', 'HR Generalist', 48000, '2024-04-23', 'active', null, '2023-04-04T04:30:00.000Z'),
  ('00000000-0000-4000-8000-d10000000005', '00000000-0000-4000-8000-b10000000001', '00000000-0000-4000-8000-a10000000007', 'Devansh Joshi', 'devansh.joshi@vyuhastore.in', '+91 970020 96685', 'Operations', 'Inventory Associate', 32000, '2025-05-08', 'active', null, '2023-05-17T04:30:00.000Z'),
  ('00000000-0000-4000-8000-d10000000006', '00000000-0000-4000-8000-b10000000001', '00000000-0000-4000-8000-a10000000002', 'Nikhil Rao', 'nikhil.rao@vyuhastore.in', '+91 972250 56122', 'Operations', 'General Manager', 85000, '2024-11-23', 'active', null, '2025-05-15T04:30:00.000Z'),
  ('00000000-0000-4000-8000-d10000000007', '00000000-0000-4000-8000-b10000000001', null, 'Sneha Patwardhan', 'sneha.patwardhan@vyuhastore.in', '+91 971510 94985', 'Sales', 'Sales Associate', 30000, '2024-03-31', 'active', null, '2025-02-05T04:30:00.000Z'),
  ('00000000-0000-4000-8000-d10000000008', '00000000-0000-4000-8000-b10000000001', null, 'Imran Qureshi', 'imran.qureshi@vyuhastore.in', '+91 980420 42807', 'Sales', 'Sales Associate', 30000, '2024-09-28', 'active', null, '2025-06-25T04:30:00.000Z'),
  ('00000000-0000-4000-8000-d10000000009', '00000000-0000-4000-8000-b10000000001', null, 'Lokesh Yadav', 'lokesh.yadav@vyuhastore.in', '+91 982810 90983', 'Support', 'Delivery Coordinator', 26000, '2024-02-28', 'on_leave', null, '2024-06-25T04:30:00.000Z'),
  ('00000000-0000-4000-8000-d10000000010', '00000000-0000-4000-8000-b10000000001', null, 'Grace Thomas', 'grace.thomas@vyuhastore.in', '+91 995540 62858', 'Finance', 'Billing Assistant', 28000, '2023-08-16', 'active', null, '2024-09-30T04:30:00.000Z');

insert into attendance (id, business_id, employee_id, date, status, check_in, check_out) values
  ('00000000-0000-4000-8000-d20000000001', '00000000-0000-4000-8000-b10000000001', '00000000-0000-4000-8000-d10000000001', '2026-06-23', 'present', '09:33', '18:27'),
  ('00000000-0000-4000-8000-d20000000002', '00000000-0000-4000-8000-b10000000001', '00000000-0000-4000-8000-d10000000002', '2026-06-23', 'present', '09:40', '18:18'),
  ('00000000-0000-4000-8000-d20000000003', '00000000-0000-4000-8000-b10000000001', '00000000-0000-4000-8000-d10000000003', '2026-06-23', 'present', '09:15', '18:32'),
  ('00000000-0000-4000-8000-d20000000004', '00000000-0000-4000-8000-b10000000001', '00000000-0000-4000-8000-d10000000004', '2026-06-23', 'present', '09:28', '18:0'),
  ('00000000-0000-4000-8000-d20000000005', '00000000-0000-4000-8000-b10000000001', '00000000-0000-4000-8000-d10000000005', '2026-06-23', 'present', '09:41', '18:12'),
  ('00000000-0000-4000-8000-d20000000006', '00000000-0000-4000-8000-b10000000001', '00000000-0000-4000-8000-d10000000006', '2026-06-23', 'present', '09:33', '18:32'),
  ('00000000-0000-4000-8000-d20000000007', '00000000-0000-4000-8000-b10000000001', '00000000-0000-4000-8000-d10000000007', '2026-06-23', 'present', '09:44', '18:9'),
  ('00000000-0000-4000-8000-d20000000008', '00000000-0000-4000-8000-b10000000001', '00000000-0000-4000-8000-d10000000008', '2026-06-23', 'present', '09:40', '18:15'),
  ('00000000-0000-4000-8000-d20000000009', '00000000-0000-4000-8000-b10000000001', '00000000-0000-4000-8000-d10000000009', '2026-06-23', 'present', '09:40', '18:21'),
  ('00000000-0000-4000-8000-d20000000010', '00000000-0000-4000-8000-b10000000001', '00000000-0000-4000-8000-d10000000010', '2026-06-23', 'present', '09:18', '18:9'),
  ('00000000-0000-4000-8000-d20000000011', '00000000-0000-4000-8000-b10000000001', '00000000-0000-4000-8000-d10000000001', '2026-06-24', 'present', '09:51', '18:39'),
  ('00000000-0000-4000-8000-d20000000012', '00000000-0000-4000-8000-b10000000001', '00000000-0000-4000-8000-d10000000002', '2026-06-24', 'absent', null, null),
  ('00000000-0000-4000-8000-d20000000013', '00000000-0000-4000-8000-b10000000001', '00000000-0000-4000-8000-d10000000003', '2026-06-24', 'present', '09:22', '18:30'),
  ('00000000-0000-4000-8000-d20000000014', '00000000-0000-4000-8000-b10000000001', '00000000-0000-4000-8000-d10000000004', '2026-06-24', 'present', '09:45', '18:43'),
  ('00000000-0000-4000-8000-d20000000015', '00000000-0000-4000-8000-b10000000001', '00000000-0000-4000-8000-d10000000005', '2026-06-24', 'present', '09:30', '18:7'),
  ('00000000-0000-4000-8000-d20000000016', '00000000-0000-4000-8000-b10000000001', '00000000-0000-4000-8000-d10000000006', '2026-06-24', 'half_day', '09:38', '13:5'),
  ('00000000-0000-4000-8000-d20000000017', '00000000-0000-4000-8000-b10000000001', '00000000-0000-4000-8000-d10000000007', '2026-06-24', 'present', '09:50', '18:4'),
  ('00000000-0000-4000-8000-d20000000018', '00000000-0000-4000-8000-b10000000001', '00000000-0000-4000-8000-d10000000008', '2026-06-24', 'present', '09:36', '18:27'),
  ('00000000-0000-4000-8000-d20000000019', '00000000-0000-4000-8000-b10000000001', '00000000-0000-4000-8000-d10000000009', '2026-06-24', 'absent', null, null),
  ('00000000-0000-4000-8000-d20000000020', '00000000-0000-4000-8000-b10000000001', '00000000-0000-4000-8000-d10000000010', '2026-06-24', 'present', '09:42', '18:24'),
  ('00000000-0000-4000-8000-d20000000021', '00000000-0000-4000-8000-b10000000001', '00000000-0000-4000-8000-d10000000001', '2026-06-25', 'half_day', '09:51', '13:2'),
  ('00000000-0000-4000-8000-d20000000022', '00000000-0000-4000-8000-b10000000001', '00000000-0000-4000-8000-d10000000002', '2026-06-25', 'present', '09:52', '18:17'),
  ('00000000-0000-4000-8000-d20000000023', '00000000-0000-4000-8000-b10000000001', '00000000-0000-4000-8000-d10000000003', '2026-06-25', 'present', '09:36', '18:20'),
  ('00000000-0000-4000-8000-d20000000024', '00000000-0000-4000-8000-b10000000001', '00000000-0000-4000-8000-d10000000004', '2026-06-25', 'present', '09:30', '18:15'),
  ('00000000-0000-4000-8000-d20000000025', '00000000-0000-4000-8000-b10000000001', '00000000-0000-4000-8000-d10000000005', '2026-06-25', 'present', '09:50', '18:40'),
  ('00000000-0000-4000-8000-d20000000026', '00000000-0000-4000-8000-b10000000001', '00000000-0000-4000-8000-d10000000006', '2026-06-25', 'present', '09:39', '18:22'),
  ('00000000-0000-4000-8000-d20000000027', '00000000-0000-4000-8000-b10000000001', '00000000-0000-4000-8000-d10000000007', '2026-06-25', 'present', '09:44', '18:26'),
  ('00000000-0000-4000-8000-d20000000028', '00000000-0000-4000-8000-b10000000001', '00000000-0000-4000-8000-d10000000008', '2026-06-25', 'present', '09:55', '18:10'),
  ('00000000-0000-4000-8000-d20000000029', '00000000-0000-4000-8000-b10000000001', '00000000-0000-4000-8000-d10000000009', '2026-06-25', 'present', '09:16', '18:7'),
  ('00000000-0000-4000-8000-d20000000030', '00000000-0000-4000-8000-b10000000001', '00000000-0000-4000-8000-d10000000010', '2026-06-25', 'present', '09:19', '18:15'),
  ('00000000-0000-4000-8000-d20000000031', '00000000-0000-4000-8000-b10000000001', '00000000-0000-4000-8000-d10000000001', '2026-06-26', 'present', '09:36', '18:20'),
  ('00000000-0000-4000-8000-d20000000032', '00000000-0000-4000-8000-b10000000001', '00000000-0000-4000-8000-d10000000002', '2026-06-26', 'present', '09:55', '18:33'),
  ('00000000-0000-4000-8000-d20000000033', '00000000-0000-4000-8000-b10000000001', '00000000-0000-4000-8000-d10000000003', '2026-06-26', 'present', '09:29', '18:34'),
  ('00000000-0000-4000-8000-d20000000034', '00000000-0000-4000-8000-b10000000001', '00000000-0000-4000-8000-d10000000004', '2026-06-26', 'present', '09:38', '18:12'),
  ('00000000-0000-4000-8000-d20000000035', '00000000-0000-4000-8000-b10000000001', '00000000-0000-4000-8000-d10000000005', '2026-06-26', 'present', '09:49', '18:17'),
  ('00000000-0000-4000-8000-d20000000036', '00000000-0000-4000-8000-b10000000001', '00000000-0000-4000-8000-d10000000006', '2026-06-26', 'present', '09:53', '18:2'),
  ('00000000-0000-4000-8000-d20000000037', '00000000-0000-4000-8000-b10000000001', '00000000-0000-4000-8000-d10000000007', '2026-06-26', 'present', '09:38', '18:3'),
  ('00000000-0000-4000-8000-d20000000038', '00000000-0000-4000-8000-b10000000001', '00000000-0000-4000-8000-d10000000008', '2026-06-26', 'present', '09:50', '18:8'),
  ('00000000-0000-4000-8000-d20000000039', '00000000-0000-4000-8000-b10000000001', '00000000-0000-4000-8000-d10000000009', '2026-06-26', 'remote', '09:24', '18:44'),
  ('00000000-0000-4000-8000-d20000000040', '00000000-0000-4000-8000-b10000000001', '00000000-0000-4000-8000-d10000000010', '2026-06-26', 'present', '09:32', '18:0'),
  ('00000000-0000-4000-8000-d20000000041', '00000000-0000-4000-8000-b10000000001', '00000000-0000-4000-8000-d10000000001', '2026-06-27', 'present', '09:17', '18:17'),
  ('00000000-0000-4000-8000-d20000000042', '00000000-0000-4000-8000-b10000000001', '00000000-0000-4000-8000-d10000000002', '2026-06-27', 'present', '09:31', '18:0'),
  ('00000000-0000-4000-8000-d20000000043', '00000000-0000-4000-8000-b10000000001', '00000000-0000-4000-8000-d10000000003', '2026-06-27', 'absent', null, null),
  ('00000000-0000-4000-8000-d20000000044', '00000000-0000-4000-8000-b10000000001', '00000000-0000-4000-8000-d10000000004', '2026-06-27', 'present', '09:24', '18:5'),
  ('00000000-0000-4000-8000-d20000000045', '00000000-0000-4000-8000-b10000000001', '00000000-0000-4000-8000-d10000000005', '2026-06-27', 'present', '09:43', '18:36'),
  ('00000000-0000-4000-8000-d20000000046', '00000000-0000-4000-8000-b10000000001', '00000000-0000-4000-8000-d10000000006', '2026-06-27', 'absent', null, null),
  ('00000000-0000-4000-8000-d20000000047', '00000000-0000-4000-8000-b10000000001', '00000000-0000-4000-8000-d10000000007', '2026-06-27', 'remote', '09:51', '18:11'),
  ('00000000-0000-4000-8000-d20000000048', '00000000-0000-4000-8000-b10000000001', '00000000-0000-4000-8000-d10000000008', '2026-06-27', 'present', '09:35', '18:37'),
  ('00000000-0000-4000-8000-d20000000049', '00000000-0000-4000-8000-b10000000001', '00000000-0000-4000-8000-d10000000009', '2026-06-27', 'present', '09:15', '18:38'),
  ('00000000-0000-4000-8000-d20000000050', '00000000-0000-4000-8000-b10000000001', '00000000-0000-4000-8000-d10000000010', '2026-06-27', 'half_day', '09:53', '13:7'),
  ('00000000-0000-4000-8000-d20000000051', '00000000-0000-4000-8000-b10000000001', '00000000-0000-4000-8000-d10000000001', '2026-06-29', 'present', '09:15', '18:43'),
  ('00000000-0000-4000-8000-d20000000052', '00000000-0000-4000-8000-b10000000001', '00000000-0000-4000-8000-d10000000002', '2026-06-29', 'present', '09:40', '18:4'),
  ('00000000-0000-4000-8000-d20000000053', '00000000-0000-4000-8000-b10000000001', '00000000-0000-4000-8000-d10000000003', '2026-06-29', 'present', '09:43', '18:36'),
  ('00000000-0000-4000-8000-d20000000054', '00000000-0000-4000-8000-b10000000001', '00000000-0000-4000-8000-d10000000004', '2026-06-29', 'present', '09:49', '18:10'),
  ('00000000-0000-4000-8000-d20000000055', '00000000-0000-4000-8000-b10000000001', '00000000-0000-4000-8000-d10000000005', '2026-06-29', 'present', '09:30', '18:3'),
  ('00000000-0000-4000-8000-d20000000056', '00000000-0000-4000-8000-b10000000001', '00000000-0000-4000-8000-d10000000006', '2026-06-29', 'present', '09:51', '18:45'),
  ('00000000-0000-4000-8000-d20000000057', '00000000-0000-4000-8000-b10000000001', '00000000-0000-4000-8000-d10000000007', '2026-06-29', 'present', '09:23', '18:1'),
  ('00000000-0000-4000-8000-d20000000058', '00000000-0000-4000-8000-b10000000001', '00000000-0000-4000-8000-d10000000008', '2026-06-29', 'present', '09:16', '18:42'),
  ('00000000-0000-4000-8000-d20000000059', '00000000-0000-4000-8000-b10000000001', '00000000-0000-4000-8000-d10000000009', '2026-06-29', 'present', '09:54', '18:43'),
  ('00000000-0000-4000-8000-d20000000060', '00000000-0000-4000-8000-b10000000001', '00000000-0000-4000-8000-d10000000010', '2026-06-29', 'present', '09:21', '18:16'),
  ('00000000-0000-4000-8000-d20000000061', '00000000-0000-4000-8000-b10000000001', '00000000-0000-4000-8000-d10000000001', '2026-06-30', 'present', '09:17', '18:29'),
  ('00000000-0000-4000-8000-d20000000062', '00000000-0000-4000-8000-b10000000001', '00000000-0000-4000-8000-d10000000002', '2026-06-30', 'present', '09:39', '18:30'),
  ('00000000-0000-4000-8000-d20000000063', '00000000-0000-4000-8000-b10000000001', '00000000-0000-4000-8000-d10000000003', '2026-06-30', 'present', '09:17', '18:40'),
  ('00000000-0000-4000-8000-d20000000064', '00000000-0000-4000-8000-b10000000001', '00000000-0000-4000-8000-d10000000004', '2026-06-30', 'present', '09:40', '18:19'),
  ('00000000-0000-4000-8000-d20000000065', '00000000-0000-4000-8000-b10000000001', '00000000-0000-4000-8000-d10000000005', '2026-06-30', 'present', '09:24', '18:19'),
  ('00000000-0000-4000-8000-d20000000066', '00000000-0000-4000-8000-b10000000001', '00000000-0000-4000-8000-d10000000006', '2026-06-30', 'present', '09:53', '18:9'),
  ('00000000-0000-4000-8000-d20000000067', '00000000-0000-4000-8000-b10000000001', '00000000-0000-4000-8000-d10000000007', '2026-06-30', 'present', '09:39', '18:28'),
  ('00000000-0000-4000-8000-d20000000068', '00000000-0000-4000-8000-b10000000001', '00000000-0000-4000-8000-d10000000008', '2026-06-30', 'present', '09:32', '18:18'),
  ('00000000-0000-4000-8000-d20000000069', '00000000-0000-4000-8000-b10000000001', '00000000-0000-4000-8000-d10000000009', '2026-06-30', 'present', '09:32', '18:33'),
  ('00000000-0000-4000-8000-d20000000070', '00000000-0000-4000-8000-b10000000001', '00000000-0000-4000-8000-d10000000010', '2026-06-30', 'present', '09:40', '18:29'),
  ('00000000-0000-4000-8000-d20000000071', '00000000-0000-4000-8000-b10000000001', '00000000-0000-4000-8000-d10000000001', '2026-07-01', 'present', '09:50', '18:39'),
  ('00000000-0000-4000-8000-d20000000072', '00000000-0000-4000-8000-b10000000001', '00000000-0000-4000-8000-d10000000002', '2026-07-01', 'present', '09:46', '18:6'),
  ('00000000-0000-4000-8000-d20000000073', '00000000-0000-4000-8000-b10000000001', '00000000-0000-4000-8000-d10000000003', '2026-07-01', 'present', '09:41', '18:18'),
  ('00000000-0000-4000-8000-d20000000074', '00000000-0000-4000-8000-b10000000001', '00000000-0000-4000-8000-d10000000004', '2026-07-01', 'present', '09:55', '18:42'),
  ('00000000-0000-4000-8000-d20000000075', '00000000-0000-4000-8000-b10000000001', '00000000-0000-4000-8000-d10000000005', '2026-07-01', 'present', '09:52', '18:41'),
  ('00000000-0000-4000-8000-d20000000076', '00000000-0000-4000-8000-b10000000001', '00000000-0000-4000-8000-d10000000006', '2026-07-01', 'present', '09:35', '18:39'),
  ('00000000-0000-4000-8000-d20000000077', '00000000-0000-4000-8000-b10000000001', '00000000-0000-4000-8000-d10000000007', '2026-07-01', 'present', '09:35', '18:36'),
  ('00000000-0000-4000-8000-d20000000078', '00000000-0000-4000-8000-b10000000001', '00000000-0000-4000-8000-d10000000008', '2026-07-01', 'present', '09:44', '18:16'),
  ('00000000-0000-4000-8000-d20000000079', '00000000-0000-4000-8000-b10000000001', '00000000-0000-4000-8000-d10000000009', '2026-07-01', 'absent', null, null),
  ('00000000-0000-4000-8000-d20000000080', '00000000-0000-4000-8000-b10000000001', '00000000-0000-4000-8000-d10000000010', '2026-07-01', 'present', '09:53', '18:34'),
  ('00000000-0000-4000-8000-d20000000081', '00000000-0000-4000-8000-b10000000001', '00000000-0000-4000-8000-d10000000001', '2026-07-02', 'present', '09:27', '18:12'),
  ('00000000-0000-4000-8000-d20000000082', '00000000-0000-4000-8000-b10000000001', '00000000-0000-4000-8000-d10000000002', '2026-07-02', 'present', '09:26', '18:9'),
  ('00000000-0000-4000-8000-d20000000083', '00000000-0000-4000-8000-b10000000001', '00000000-0000-4000-8000-d10000000003', '2026-07-02', 'present', '09:44', '18:7'),
  ('00000000-0000-4000-8000-d20000000084', '00000000-0000-4000-8000-b10000000001', '00000000-0000-4000-8000-d10000000004', '2026-07-02', 'present', '09:16', '18:36'),
  ('00000000-0000-4000-8000-d20000000085', '00000000-0000-4000-8000-b10000000001', '00000000-0000-4000-8000-d10000000005', '2026-07-02', 'present', '09:45', '18:25'),
  ('00000000-0000-4000-8000-d20000000086', '00000000-0000-4000-8000-b10000000001', '00000000-0000-4000-8000-d10000000006', '2026-07-02', 'present', '09:28', '18:29'),
  ('00000000-0000-4000-8000-d20000000087', '00000000-0000-4000-8000-b10000000001', '00000000-0000-4000-8000-d10000000007', '2026-07-02', 'present', '09:27', '18:35'),
  ('00000000-0000-4000-8000-d20000000088', '00000000-0000-4000-8000-b10000000001', '00000000-0000-4000-8000-d10000000008', '2026-07-02', 'remote', '09:45', '18:30'),
  ('00000000-0000-4000-8000-d20000000089', '00000000-0000-4000-8000-b10000000001', '00000000-0000-4000-8000-d10000000009', '2026-07-02', 'leave', null, null),
  ('00000000-0000-4000-8000-d20000000090', '00000000-0000-4000-8000-b10000000001', '00000000-0000-4000-8000-d10000000010', '2026-07-02', 'present', '09:39', '18:45'),
  ('00000000-0000-4000-8000-d20000000091', '00000000-0000-4000-8000-b10000000001', '00000000-0000-4000-8000-d10000000001', '2026-07-03', 'present', '09:31', '18:18'),
  ('00000000-0000-4000-8000-d20000000092', '00000000-0000-4000-8000-b10000000001', '00000000-0000-4000-8000-d10000000002', '2026-07-03', 'present', '09:42', '18:16'),
  ('00000000-0000-4000-8000-d20000000093', '00000000-0000-4000-8000-b10000000001', '00000000-0000-4000-8000-d10000000003', '2026-07-03', 'present', '09:41', '18:36'),
  ('00000000-0000-4000-8000-d20000000094', '00000000-0000-4000-8000-b10000000001', '00000000-0000-4000-8000-d10000000004', '2026-07-03', 'present', '09:55', '18:40'),
  ('00000000-0000-4000-8000-d20000000095', '00000000-0000-4000-8000-b10000000001', '00000000-0000-4000-8000-d10000000005', '2026-07-03', 'half_day', '09:39', '13:15'),
  ('00000000-0000-4000-8000-d20000000096', '00000000-0000-4000-8000-b10000000001', '00000000-0000-4000-8000-d10000000006', '2026-07-03', 'present', '09:50', '18:11'),
  ('00000000-0000-4000-8000-d20000000097', '00000000-0000-4000-8000-b10000000001', '00000000-0000-4000-8000-d10000000007', '2026-07-03', 'present', '09:39', '18:0'),
  ('00000000-0000-4000-8000-d20000000098', '00000000-0000-4000-8000-b10000000001', '00000000-0000-4000-8000-d10000000008', '2026-07-03', 'present', '09:44', '18:7'),
  ('00000000-0000-4000-8000-d20000000099', '00000000-0000-4000-8000-b10000000001', '00000000-0000-4000-8000-d10000000009', '2026-07-03', 'leave', null, null),
  ('00000000-0000-4000-8000-d20000000100', '00000000-0000-4000-8000-b10000000001', '00000000-0000-4000-8000-d10000000010', '2026-07-03', 'present', '09:30', '18:44'),
  ('00000000-0000-4000-8000-d20000000101', '00000000-0000-4000-8000-b10000000001', '00000000-0000-4000-8000-d10000000001', '2026-07-04', 'present', '09:44', '18:39'),
  ('00000000-0000-4000-8000-d20000000102', '00000000-0000-4000-8000-b10000000001', '00000000-0000-4000-8000-d10000000002', '2026-07-04', 'present', '09:25', '18:37'),
  ('00000000-0000-4000-8000-d20000000103', '00000000-0000-4000-8000-b10000000001', '00000000-0000-4000-8000-d10000000003', '2026-07-04', 'present', '09:25', '18:2'),
  ('00000000-0000-4000-8000-d20000000104', '00000000-0000-4000-8000-b10000000001', '00000000-0000-4000-8000-d10000000004', '2026-07-04', 'present', '09:45', '18:40'),
  ('00000000-0000-4000-8000-d20000000105', '00000000-0000-4000-8000-b10000000001', '00000000-0000-4000-8000-d10000000005', '2026-07-04', 'present', '09:25', '18:28'),
  ('00000000-0000-4000-8000-d20000000106', '00000000-0000-4000-8000-b10000000001', '00000000-0000-4000-8000-d10000000006', '2026-07-04', 'present', '09:26', '18:41'),
  ('00000000-0000-4000-8000-d20000000107', '00000000-0000-4000-8000-b10000000001', '00000000-0000-4000-8000-d10000000007', '2026-07-04', 'present', '09:40', '18:28'),
  ('00000000-0000-4000-8000-d20000000108', '00000000-0000-4000-8000-b10000000001', '00000000-0000-4000-8000-d10000000008', '2026-07-04', 'present', '09:52', '18:18'),
  ('00000000-0000-4000-8000-d20000000109', '00000000-0000-4000-8000-b10000000001', '00000000-0000-4000-8000-d10000000009', '2026-07-04', 'leave', null, null),
  ('00000000-0000-4000-8000-d20000000110', '00000000-0000-4000-8000-b10000000001', '00000000-0000-4000-8000-d10000000010', '2026-07-04', 'present', '09:18', '18:40'),
  ('00000000-0000-4000-8000-d20000000111', '00000000-0000-4000-8000-b10000000001', '00000000-0000-4000-8000-d10000000001', '2026-07-06', 'present', '09:49', '18:11'),
  ('00000000-0000-4000-8000-d20000000112', '00000000-0000-4000-8000-b10000000001', '00000000-0000-4000-8000-d10000000002', '2026-07-06', 'present', '09:49', '18:18'),
  ('00000000-0000-4000-8000-d20000000113', '00000000-0000-4000-8000-b10000000001', '00000000-0000-4000-8000-d10000000003', '2026-07-06', 'present', '09:50', '18:18'),
  ('00000000-0000-4000-8000-d20000000114', '00000000-0000-4000-8000-b10000000001', '00000000-0000-4000-8000-d10000000004', '2026-07-06', 'present', '09:36', '18:2'),
  ('00000000-0000-4000-8000-d20000000115', '00000000-0000-4000-8000-b10000000001', '00000000-0000-4000-8000-d10000000005', '2026-07-06', 'present', '09:54', '18:44'),
  ('00000000-0000-4000-8000-d20000000116', '00000000-0000-4000-8000-b10000000001', '00000000-0000-4000-8000-d10000000006', '2026-07-06', 'present', '09:36', '18:9'),
  ('00000000-0000-4000-8000-d20000000117', '00000000-0000-4000-8000-b10000000001', '00000000-0000-4000-8000-d10000000007', '2026-07-06', 'present', '09:50', '18:13'),
  ('00000000-0000-4000-8000-d20000000118', '00000000-0000-4000-8000-b10000000001', '00000000-0000-4000-8000-d10000000008', '2026-07-06', 'present', '09:55', '18:30'),
  ('00000000-0000-4000-8000-d20000000119', '00000000-0000-4000-8000-b10000000001', '00000000-0000-4000-8000-d10000000009', '2026-07-06', 'leave', null, null),
  ('00000000-0000-4000-8000-d20000000120', '00000000-0000-4000-8000-b10000000001', '00000000-0000-4000-8000-d10000000010', '2026-07-06', 'present', '09:23', '18:10');

insert into leave_requests (id, business_id, employee_id, type, from_date, to_date, reason, status, decided_by, created_at) values
  ('00000000-0000-4000-8000-d30000000001', '00000000-0000-4000-8000-b10000000001', '00000000-0000-4000-8000-d10000000003', 'casual', '2026-07-08', '2026-07-09', 'Family function', 'pending', null, '2026-06-27T05:30:00.000Z'),
  ('00000000-0000-4000-8000-d30000000002', '00000000-0000-4000-8000-b10000000001', '00000000-0000-4000-8000-d10000000005', 'sick', '2026-07-07', '2026-07-07', 'Fever', 'approved', '00000000-0000-4000-8000-a10000000006', '2026-06-26T05:30:00.000Z'),
  ('00000000-0000-4000-8000-d30000000003', '00000000-0000-4000-8000-b10000000001', '00000000-0000-4000-8000-d10000000007', 'earned', '2026-07-11', '2026-07-15', 'Travel to hometown', 'approved', '00000000-0000-4000-8000-a10000000006', '2026-06-29T05:30:00.000Z'),
  ('00000000-0000-4000-8000-d30000000004', '00000000-0000-4000-8000-b10000000001', '00000000-0000-4000-8000-d10000000009', 'casual', '2026-07-03', '2026-07-04', 'Personal work', 'approved', '00000000-0000-4000-8000-a10000000006', '2026-07-02T05:30:00.000Z'),
  ('00000000-0000-4000-8000-d30000000005', '00000000-0000-4000-8000-b10000000001', '00000000-0000-4000-8000-d10000000001', 'unpaid', '2026-07-10', '2026-07-14', 'Extended personal leave', 'pending', null, '2026-06-28T05:30:00.000Z'),
  ('00000000-0000-4000-8000-d30000000006', '00000000-0000-4000-8000-b10000000001', '00000000-0000-4000-8000-d10000000003', 'casual', '2026-06-28', '2026-06-28', 'Errand', 'rejected', '00000000-0000-4000-8000-a10000000006', '2026-07-04T05:30:00.000Z');

insert into payroll (id, business_id, employee_id, month, gross, deductions, net, status, paid_at) values
  ('00000000-0000-4000-8000-d40000000001', '00000000-0000-4000-8000-b10000000001', '00000000-0000-4000-8000-d10000000001', '2026-05', 68000, 7009, 60991, 'paid', '2026-05-31T12:00:00.000Z'),
  ('00000000-0000-4000-8000-d40000000002', '00000000-0000-4000-8000-b10000000001', '00000000-0000-4000-8000-d10000000002', '2026-05', 62000, 6103, 55897, 'paid', '2026-05-31T12:00:00.000Z'),
  ('00000000-0000-4000-8000-d40000000003', '00000000-0000-4000-8000-b10000000001', '00000000-0000-4000-8000-d10000000003', '2026-05', 42000, 4356, 37644, 'paid', '2026-05-31T12:00:00.000Z'),
  ('00000000-0000-4000-8000-d40000000004', '00000000-0000-4000-8000-b10000000001', '00000000-0000-4000-8000-d10000000004', '2026-05', 48000, 4519, 43481, 'paid', '2026-05-31T12:00:00.000Z'),
  ('00000000-0000-4000-8000-d40000000005', '00000000-0000-4000-8000-b10000000001', '00000000-0000-4000-8000-d10000000005', '2026-05', 32000, 3186, 28814, 'paid', '2026-05-31T12:00:00.000Z'),
  ('00000000-0000-4000-8000-d40000000006', '00000000-0000-4000-8000-b10000000001', '00000000-0000-4000-8000-d10000000006', '2026-05', 85000, 8417, 76583, 'paid', '2026-05-31T12:00:00.000Z'),
  ('00000000-0000-4000-8000-d40000000007', '00000000-0000-4000-8000-b10000000001', '00000000-0000-4000-8000-d10000000007', '2026-05', 30000, 2988, 27012, 'paid', '2026-05-31T12:00:00.000Z'),
  ('00000000-0000-4000-8000-d40000000008', '00000000-0000-4000-8000-b10000000001', '00000000-0000-4000-8000-d10000000008', '2026-05', 30000, 3192, 26808, 'paid', '2026-05-31T12:00:00.000Z'),
  ('00000000-0000-4000-8000-d40000000009', '00000000-0000-4000-8000-b10000000001', '00000000-0000-4000-8000-d10000000009', '2026-05', 26000, 2306, 23694, 'paid', '2026-05-31T12:00:00.000Z'),
  ('00000000-0000-4000-8000-d40000000010', '00000000-0000-4000-8000-b10000000001', '00000000-0000-4000-8000-d10000000010', '2026-05', 28000, 3006, 24994, 'paid', '2026-05-31T12:00:00.000Z'),
  ('00000000-0000-4000-8000-d40000000011', '00000000-0000-4000-8000-b10000000001', '00000000-0000-4000-8000-d10000000001', '2026-06', 68000, 7644, 60356, 'paid', '2026-07-01T12:00:00.000Z'),
  ('00000000-0000-4000-8000-d40000000012', '00000000-0000-4000-8000-b10000000001', '00000000-0000-4000-8000-d10000000002', '2026-06', 62000, 6493, 55507, 'paid', '2026-07-01T12:00:00.000Z'),
  ('00000000-0000-4000-8000-d40000000013', '00000000-0000-4000-8000-b10000000001', '00000000-0000-4000-8000-d10000000003', '2026-06', 42000, 3589, 38411, 'paid', '2026-07-01T12:00:00.000Z'),
  ('00000000-0000-4000-8000-d40000000014', '00000000-0000-4000-8000-b10000000001', '00000000-0000-4000-8000-d10000000004', '2026-06', 48000, 4475, 43525, 'paid', '2026-07-01T12:00:00.000Z'),
  ('00000000-0000-4000-8000-d40000000015', '00000000-0000-4000-8000-b10000000001', '00000000-0000-4000-8000-d10000000005', '2026-06', 32000, 2783, 29217, 'paid', '2026-07-01T12:00:00.000Z'),
  ('00000000-0000-4000-8000-d40000000016', '00000000-0000-4000-8000-b10000000001', '00000000-0000-4000-8000-d10000000006', '2026-06', 85000, 9770, 75230, 'paid', '2026-07-01T12:00:00.000Z'),
  ('00000000-0000-4000-8000-d40000000017', '00000000-0000-4000-8000-b10000000001', '00000000-0000-4000-8000-d10000000007', '2026-06', 30000, 2520, 27480, 'paid', '2026-07-01T12:00:00.000Z'),
  ('00000000-0000-4000-8000-d40000000018', '00000000-0000-4000-8000-b10000000001', '00000000-0000-4000-8000-d10000000008', '2026-06', 30000, 3037, 26963, 'paid', '2026-07-01T12:00:00.000Z'),
  ('00000000-0000-4000-8000-d40000000019', '00000000-0000-4000-8000-b10000000001', '00000000-0000-4000-8000-d10000000009', '2026-06', 26000, 2866, 23134, 'paid', '2026-07-01T12:00:00.000Z'),
  ('00000000-0000-4000-8000-d40000000020', '00000000-0000-4000-8000-b10000000001', '00000000-0000-4000-8000-d10000000010', '2026-06', 28000, 2552, 25448, 'paid', '2026-07-01T12:00:00.000Z');

insert into projects (id, business_id, customer_id, name, description, status, start_date, due_date, budget, created_at) values
  ('00000000-0000-4000-8000-a20000000001', '00000000-0000-4000-8000-b10000000001', null, 'Store Renovation — Indiranagar', 'Refit the main store display floor', 'active', '2026-06-25', '2026-08-27', 450000, '2026-06-23T04:30:00.000Z'),
  ('00000000-0000-4000-8000-a20000000002', '00000000-0000-4000-8000-b10000000001', '00000000-0000-4000-8000-c10000000014', 'Sterling Hotels bulk order', '60-room furniture supply for Sterling Hotels', 'active', '2026-05-17', '2026-08-26', 2600000, '2026-06-14T04:30:00.000Z'),
  ('00000000-0000-4000-8000-a20000000003', '00000000-0000-4000-8000-b10000000001', null, 'Website Relaunch', 'New storefront website with online catalogue', 'planning', '2026-05-26', '2026-09-01', 180000, '2026-05-31T04:30:00.000Z'),
  ('00000000-0000-4000-8000-a20000000004', '00000000-0000-4000-8000-b10000000001', null, 'Diwali Campaign 2026', 'Festive marketing and in-store events', 'planning', '2026-05-15', '2026-10-03', 120000, '2026-06-18T04:30:00.000Z'),
  ('00000000-0000-4000-8000-a20000000005', '00000000-0000-4000-8000-b10000000001', null, 'Inventory Audit Q2', 'Full physical stock verification, both warehouses', 'completed', '2026-06-26', '2026-07-01', null, '2026-05-15T04:30:00.000Z');

insert into tasks (id, business_id, project_id, title, description, status, priority, assignee_id, due_date, order_index, comments, created_at) values
  ('00000000-0000-4000-8000-a30000000001', '00000000-0000-4000-8000-b10000000001', '00000000-0000-4000-8000-a20000000001', 'Finalise floor plan with architect', null, 'done', 'high', '00000000-0000-4000-8000-a10000000005', '2026-07-03', 0, '[{"user_id":"00000000-0000-4000-8000-a10000000003","user_name":"Shreya Kulkarni","body":"Discussed in Monday standup — on track.","created_at":"2026-07-04T05:30:00.000Z"}]'::jsonb, '2026-06-22T04:30:00.000Z'),
  ('00000000-0000-4000-8000-a30000000002', '00000000-0000-4000-8000-b10000000001', '00000000-0000-4000-8000-a20000000001', 'Order display shelving', null, 'done', 'medium', '00000000-0000-4000-8000-a10000000006', '2026-07-17', 1, '[]'::jsonb, '2026-06-28T04:30:00.000Z'),
  ('00000000-0000-4000-8000-a30000000003', '00000000-0000-4000-8000-b10000000001', '00000000-0000-4000-8000-a20000000001', 'Repaint feature wall', null, 'in_progress', 'medium', '00000000-0000-4000-8000-a10000000005', '2026-07-27', 2, '[]'::jsonb, '2026-06-02T04:30:00.000Z'),
  ('00000000-0000-4000-8000-a30000000004', '00000000-0000-4000-8000-b10000000001', '00000000-0000-4000-8000-a20000000001', 'Install new lighting rails', null, 'todo', 'urgent', '00000000-0000-4000-8000-a10000000004', '2026-07-31', 3, '[]'::jsonb, '2026-05-25T04:30:00.000Z'),
  ('00000000-0000-4000-8000-a30000000005', '00000000-0000-4000-8000-b10000000001', '00000000-0000-4000-8000-a20000000001', 'Reopen soft-launch weekend', null, 'todo', 'high', '00000000-0000-4000-8000-a10000000007', '2026-07-14', 4, '[]'::jsonb, '2026-06-25T04:30:00.000Z'),
  ('00000000-0000-4000-8000-a30000000006', '00000000-0000-4000-8000-b10000000001', '00000000-0000-4000-8000-a20000000002', 'Confirm fabric swatches with Sterling', null, 'in_progress', 'low', '00000000-0000-4000-8000-a10000000005', '2026-07-23', 5, '[]'::jsonb, '2026-06-22T04:30:00.000Z'),
  ('00000000-0000-4000-8000-a30000000007', '00000000-0000-4000-8000-b10000000001', '00000000-0000-4000-8000-a20000000002', 'Production schedule with Sharma Timber', null, 'done', 'urgent', '00000000-0000-4000-8000-a10000000007', '2026-07-27', 6, '[{"user_id":"00000000-0000-4000-8000-a10000000003","user_name":"Shreya Kulkarni","body":"Discussed in Monday standup — on track.","created_at":"2026-07-04T05:30:00.000Z"}]'::jsonb, '2026-05-22T04:30:00.000Z'),
  ('00000000-0000-4000-8000-a30000000008', '00000000-0000-4000-8000-b10000000001', '00000000-0000-4000-8000-a20000000002', 'First 20-room delivery', null, 'todo', 'medium', '00000000-0000-4000-8000-a10000000006', '2026-07-03', 7, '[]'::jsonb, '2026-06-21T04:30:00.000Z'),
  ('00000000-0000-4000-8000-a30000000009', '00000000-0000-4000-8000-b10000000001', '00000000-0000-4000-8000-a20000000002', 'Site measurement visit — Mumbai', null, 'review', 'medium', '00000000-0000-4000-8000-a10000000005', '2026-08-05', 8, '[]'::jsonb, '2026-06-01T04:30:00.000Z'),
  ('00000000-0000-4000-8000-a30000000010', '00000000-0000-4000-8000-b10000000001', '00000000-0000-4000-8000-a20000000002', 'Payment milestone 2 invoice', null, 'todo', 'high', '00000000-0000-4000-8000-a10000000006', '2026-08-05', 9, '[]'::jsonb, '2026-05-30T04:30:00.000Z'),
  ('00000000-0000-4000-8000-a30000000011', '00000000-0000-4000-8000-b10000000001', '00000000-0000-4000-8000-a20000000003', 'Sitemap and page copy', null, 'in_progress', 'urgent', '00000000-0000-4000-8000-a10000000005', '2026-08-02', 10, '[]'::jsonb, '2026-06-17T04:30:00.000Z'),
  ('00000000-0000-4000-8000-a30000000012', '00000000-0000-4000-8000-b10000000001', '00000000-0000-4000-8000-a20000000003', 'Product photography — top 50 SKUs', null, 'todo', 'medium', '00000000-0000-4000-8000-a10000000002', '2026-07-14', 11, '[]'::jsonb, '2026-06-25T04:30:00.000Z'),
  ('00000000-0000-4000-8000-a30000000013', '00000000-0000-4000-8000-b10000000001', '00000000-0000-4000-8000-a20000000003', 'Choose web agency', null, 'review', 'high', '00000000-0000-4000-8000-a10000000003', '2026-07-25', 12, '[{"user_id":"00000000-0000-4000-8000-a10000000003","user_name":"Shreya Kulkarni","body":"Discussed in Monday standup — on track.","created_at":"2026-07-04T05:30:00.000Z"}]'::jsonb, '2026-06-24T04:30:00.000Z'),
  ('00000000-0000-4000-8000-a30000000014', '00000000-0000-4000-8000-b10000000001', '00000000-0000-4000-8000-a20000000004', 'Festive catalogue design', null, 'todo', 'high', '00000000-0000-4000-8000-a10000000003', '2026-07-01', 13, '[]'::jsonb, '2026-06-27T04:30:00.000Z'),
  ('00000000-0000-4000-8000-a30000000015', '00000000-0000-4000-8000-b10000000001', '00000000-0000-4000-8000-a20000000004', 'Book influencer collabs', null, 'todo', 'low', '00000000-0000-4000-8000-a10000000007', '2026-08-04', 14, '[]'::jsonb, '2026-06-19T04:30:00.000Z'),
  ('00000000-0000-4000-8000-a30000000016', '00000000-0000-4000-8000-b10000000001', '00000000-0000-4000-8000-a20000000004', 'Plan in-store event calendar', null, 'in_progress', 'medium', '00000000-0000-4000-8000-a10000000007', '2026-07-27', 15, '[]'::jsonb, '2026-06-24T04:30:00.000Z'),
  ('00000000-0000-4000-8000-a30000000017', '00000000-0000-4000-8000-b10000000001', '00000000-0000-4000-8000-a20000000004', 'Print voucher cards', null, 'todo', 'medium', '00000000-0000-4000-8000-a10000000003', '2026-07-21', 16, '[]'::jsonb, '2026-05-26T04:30:00.000Z'),
  ('00000000-0000-4000-8000-a30000000018', '00000000-0000-4000-8000-b10000000001', '00000000-0000-4000-8000-a20000000005', 'Count Main Store stock', null, 'done', 'high', '00000000-0000-4000-8000-a10000000006', '2026-07-31', 17, '[]'::jsonb, '2026-06-04T04:30:00.000Z'),
  ('00000000-0000-4000-8000-a30000000019', '00000000-0000-4000-8000-b10000000001', '00000000-0000-4000-8000-a20000000005', 'Count City Warehouse stock', null, 'done', 'high', '00000000-0000-4000-8000-a10000000003', '2026-07-10', 18, '[{"user_id":"00000000-0000-4000-8000-a10000000003","user_name":"Shreya Kulkarni","body":"Discussed in Monday standup — on track.","created_at":"2026-07-04T05:30:00.000Z"}]'::jsonb, '2026-06-16T04:30:00.000Z'),
  ('00000000-0000-4000-8000-a30000000020', '00000000-0000-4000-8000-b10000000001', '00000000-0000-4000-8000-a20000000005', 'Reconcile variances', null, 'review', 'medium', '00000000-0000-4000-8000-a10000000007', '2026-07-06', 19, '[]'::jsonb, '2026-06-09T04:30:00.000Z'),
  ('00000000-0000-4000-8000-a30000000021', '00000000-0000-4000-8000-b10000000001', '00000000-0000-4000-8000-a20000000005', 'File audit report', null, 'done', 'urgent', '00000000-0000-4000-8000-a10000000004', '2026-08-02', 20, '[]'::jsonb, '2026-05-24T04:30:00.000Z'),
  ('00000000-0000-4000-8000-a30000000022', '00000000-0000-4000-8000-b10000000001', '00000000-0000-4000-8000-a20000000001', 'Update supplier price lists', null, 'in_progress', 'high', '00000000-0000-4000-8000-a10000000003', '2026-07-08', 21, '[]'::jsonb, '2026-06-12T04:30:00.000Z'),
  ('00000000-0000-4000-8000-a30000000023', '00000000-0000-4000-8000-b10000000001', '00000000-0000-4000-8000-a20000000005', 'Clear damaged goods rack', null, 'todo', 'urgent', '00000000-0000-4000-8000-a10000000004', '2026-07-30', 22, '[]'::jsonb, '2026-07-01T04:30:00.000Z'),
  ('00000000-0000-4000-8000-a30000000024', '00000000-0000-4000-8000-b10000000001', '00000000-0000-4000-8000-a20000000003', 'Train staff on new POS flow', null, 'todo', 'low', '00000000-0000-4000-8000-a10000000005', '2026-07-14', 23, '[]'::jsonb, '2026-06-28T04:30:00.000Z'),
  ('00000000-0000-4000-8000-a30000000025', '00000000-0000-4000-8000-b10000000001', '00000000-0000-4000-8000-a20000000004', 'Draft return policy update', null, 'todo', 'high', '00000000-0000-4000-8000-a10000000007', '2026-07-08', 24, '[{"user_id":"00000000-0000-4000-8000-a10000000003","user_name":"Shreya Kulkarni","body":"Discussed in Monday standup — on track.","created_at":"2026-07-04T05:30:00.000Z"}]'::jsonb, '2026-06-30T04:30:00.000Z');

insert into documents (id, business_id, name, type, related_type, related_id, file_url, content, created_by, created_at) values
  ('00000000-0000-4000-8000-a40000000001', '00000000-0000-4000-8000-b10000000001', 'Sterling Hotels supply contract', 'contract', 'customer', '00000000-0000-4000-8000-c10000000014', null, null, '00000000-0000-4000-8000-a10000000002', '2026-07-03T10:30:00.000Z'),
  ('00000000-0000-4000-8000-a40000000002', '00000000-0000-4000-8000-b10000000001', 'Horizon Interiors rate agreement', 'contract', 'customer', '00000000-0000-4000-8000-c10000000012', null, null, '00000000-0000-4000-8000-a10000000002', '2026-06-27T10:30:00.000Z'),
  ('00000000-0000-4000-8000-a40000000003', '00000000-0000-4000-8000-b10000000001', 'Q2 business review', 'report', null, null, null, null, '00000000-0000-4000-8000-a10000000002', '2026-06-25T10:30:00.000Z'),
  ('00000000-0000-4000-8000-a40000000004', '00000000-0000-4000-8000-b10000000001', 'June sales summary', 'report', null, null, null, null, '00000000-0000-4000-8000-a10000000002', '2026-05-29T10:30:00.000Z'),
  ('00000000-0000-4000-8000-a40000000005', '00000000-0000-4000-8000-b10000000001', 'Vendor meeting notes — Sharma Timber', 'meeting_notes', null, null, null, null, '00000000-0000-4000-8000-a10000000002', '2026-05-30T10:30:00.000Z'),
  ('00000000-0000-4000-8000-a40000000006', '00000000-0000-4000-8000-b10000000001', 'Offer letter — Sneha Patwardhan', 'other', 'employee', '00000000-0000-4000-8000-d10000000007', null, null, '00000000-0000-4000-8000-a10000000002', '2026-06-19T10:30:00.000Z'),
  ('00000000-0000-4000-8000-a40000000007', '00000000-0000-4000-8000-b10000000001', 'PO-003 confirmation', 'purchase_order', null, null, null, null, '00000000-0000-4000-8000-a10000000002', '2026-06-15T10:30:00.000Z'),
  ('00000000-0000-4000-8000-a40000000008', '00000000-0000-4000-8000-b10000000001', 'Renovation budget workings', 'other', 'project', '00000000-0000-4000-8000-a20000000001', null, null, '00000000-0000-4000-8000-a10000000002', '2026-06-22T10:30:00.000Z');

insert into knowledge_base_files (id, business_id, name, file_url, mime_type, size_bytes, extracted_text, status, created_at) values
  ('00000000-0000-4000-8000-a50000000001', '00000000-0000-4000-8000-b10000000001', 'Return & Refund Policy.pdf', null, 'application/pdf', 40000, 'Vyuha Home Store return and refund policy. Customers may return furniture within 7 days of delivery if unused and in original packaging. Custom or made-to-order pieces are non-returnable. Refunds are issued to the original payment method within 5 business days of inspection. Damaged-on-arrival items are replaced free of charge if reported within 48 hours with photos. Delivery fees are non-refundable except for our error.', 'ready', '2026-06-01T07:30:00.000Z'),
  ('00000000-0000-4000-8000-a50000000002', '00000000-0000-4000-8000-b10000000001', 'Warranty Terms.pdf', null, 'application/pdf', 52500, 'All solid-wood furniture carries a 3-year warranty against manufacturing defects including joint failure, warping and hardware breakage. Upholstered items carry a 1-year warranty on frames and 6 months on fabric. Lighting products carry a 1-year electrical warranty. The warranty does not cover normal wear, water damage, or improper assembly by third parties. Claims require the original invoice number.', 'ready', '2026-06-15T07:30:00.000Z'),
  ('00000000-0000-4000-8000-a50000000003', '00000000-0000-4000-8000-b10000000001', 'Store Operations Handbook.docx', null, 'application/vnd.openxmlformats-officedocument.wordprocessingml.document', 65000, 'Store hours are 10:00 to 20:30, Monday through Saturday; closed Sundays. Opening checklist: lights, POS float of 5,000 rupees, display dusting, stock of the day board. Deliveries within Bengaluru are free above 25,000 rupees, otherwise 800 rupees flat. EMI is available on purchases above 20,000 rupees through Bajaj Finserv and all major credit cards. Bulk and trade orders above 1 lakh rupees require a 40 percent advance.', 'ready', '2026-06-13T07:30:00.000Z'),
  ('00000000-0000-4000-8000-a50000000004', '00000000-0000-4000-8000-b10000000001', 'Supplier Onboarding Checklist.pdf', null, 'application/pdf', 77500, 'New supplier onboarding requires: GSTIN certificate, cancelled cheque, two trade references, sample approval by the store manager, and signed rate contract valid for 12 months. Payment terms default to net 30 from goods receipt. Quality rejections above 4 percent in a quarter trigger a supplier review.', 'ready', '2026-05-22T07:30:00.000Z');

insert into notifications (id, business_id, user_id, title, body, type, read, link, created_at) values
  ('00000000-0000-4000-8000-a60000000001', '00000000-0000-4000-8000-b10000000001', null, 'Low stock: Marble Side Table', 'Only 2 left — below the reorder point of 4.', 'warning', false, '/inventory', '2026-07-06T03:30:00.000Z'),
  ('00000000-0000-4000-8000-a60000000002', '00000000-0000-4000-8000-b10000000001', null, 'Low stock: Oak Bookshelf', 'Only 3 left — below the reorder point of 6.', 'warning', false, '/inventory', '2026-07-03T04:30:00.000Z'),
  ('00000000-0000-4000-8000-a60000000003', '00000000-0000-4000-8000-b10000000001', null, 'Invoice overdue', 'INV-2026-0007 for Rohan Mehta is past due.', 'alert', false, '/finance/invoices', '2026-07-03T05:30:00.000Z'),
  ('00000000-0000-4000-8000-a60000000004', '00000000-0000-4000-8000-b10000000001', null, 'Leave request pending', 'A casual leave request awaits approval.', 'info', false, '/hr/leave', '2026-06-30T06:30:00.000Z'),
  ('00000000-0000-4000-8000-a60000000005', '00000000-0000-4000-8000-b10000000001', null, 'Payment received', 'Payment recorded against INV-2026-0021.', 'success', true, '/finance/payments', '2026-07-03T07:30:00.000Z'),
  ('00000000-0000-4000-8000-a60000000006', '00000000-0000-4000-8000-b10000000001', null, 'New lead from website', 'Zoya Sheikh (Cedar Living) submitted an enquiry.', 'info', true, '/crm/leads', '2026-07-06T08:30:00.000Z'),
  ('00000000-0000-4000-8000-a60000000007', '00000000-0000-4000-8000-b10000000001', null, 'Purchase order received', 'PO-002 stock has been added to City Warehouse.', 'success', true, '/inventory/purchase-orders', '2026-06-30T09:30:00.000Z'),
  ('00000000-0000-4000-8000-a60000000008', '00000000-0000-4000-8000-b10000000001', null, 'Quotation sent', 'QUO-2026-0002 sent to Sterling Hotels Group.', 'info', true, '/finance/invoices', '2026-07-03T10:30:00.000Z'),
  ('00000000-0000-4000-8000-a60000000009', '00000000-0000-4000-8000-b10000000001', null, 'Payroll processed', 'June payroll marked paid for 10 employees.', 'success', true, '/hr/payroll', '2026-07-02T11:30:00.000Z'),
  ('00000000-0000-4000-8000-a60000000010', '00000000-0000-4000-8000-b10000000001', null, 'Task due tomorrow', 'First 20-room delivery (Sterling Hotels bulk order).', 'info', false, '/projects', '2026-07-06T12:30:00.000Z');

insert into audit_logs (id, business_id, user_id, user_name, action, entity_type, entity_id, detail, created_at) values
  ('00000000-0000-4000-8000-a70000000001', '00000000-0000-4000-8000-b10000000001', '00000000-0000-4000-8000-a10000000001', 'Kruthik Ponugoti', 'created', 'invoice', 'INV-2026-0030', 'Created invoice for Aarav Sharma', '2026-07-06T03:30:00.000Z'),
  ('00000000-0000-4000-8000-a70000000002', '00000000-0000-4000-8000-b10000000001', '00000000-0000-4000-8000-a10000000002', 'Nikhil Rao', 'recorded', 'payment', 'PAY-0021', 'Recorded UPI payment of ₹14,400', '2026-07-06T04:30:00.000Z'),
  ('00000000-0000-4000-8000-a70000000003', '00000000-0000-4000-8000-b10000000001', '00000000-0000-4000-8000-a10000000003', 'Shreya Kulkarni', 'updated', 'product', 'Oak Bookshelf', 'Stock adjusted -1 (damage write-off)', '2026-07-05T05:30:00.000Z'),
  ('00000000-0000-4000-8000-a70000000004', '00000000-0000-4000-8000-b10000000001', '00000000-0000-4000-8000-a10000000004', 'Farah Khan', 'approved', 'leave_request', 'LR-0003', 'Approved earned leave for Imran Qureshi', '2026-07-05T06:30:00.000Z'),
  ('00000000-0000-4000-8000-a70000000005', '00000000-0000-4000-8000-b10000000001', '00000000-0000-4000-8000-a10000000005', 'Rohit Verma', 'created', 'customer', 'Sterling Hotels Group', 'Added new business customer', '2026-07-04T07:30:00.000Z'),
  ('00000000-0000-4000-8000-a70000000006', '00000000-0000-4000-8000-b10000000001', '00000000-0000-4000-8000-a10000000006', 'Anjali Menon', 'created', 'purchase_order', 'PO-005', 'Raised PO to Weave & Loom Textiles', '2026-07-04T08:30:00.000Z'),
  ('00000000-0000-4000-8000-a70000000007', '00000000-0000-4000-8000-b10000000001', '00000000-0000-4000-8000-a10000000001', 'Kruthik Ponugoti', 'updated', 'deal', 'Lobby furniture — Sterling Hotels', 'Moved to proposal', '2026-07-03T09:30:00.000Z'),
  ('00000000-0000-4000-8000-a70000000008', '00000000-0000-4000-8000-b10000000001', '00000000-0000-4000-8000-a10000000002', 'Nikhil Rao', 'created', 'task', 'First 20-room delivery', 'Added to Sterling Hotels bulk order', '2026-07-03T10:30:00.000Z'),
  ('00000000-0000-4000-8000-a70000000009', '00000000-0000-4000-8000-b10000000001', '00000000-0000-4000-8000-a10000000003', 'Shreya Kulkarni', 'exported', 'report', 'June sales summary', 'Generated monthly sales PDF', '2026-07-02T11:30:00.000Z'),
  ('00000000-0000-4000-8000-a70000000010', '00000000-0000-4000-8000-b10000000001', '00000000-0000-4000-8000-a10000000004', 'Farah Khan', 'updated', 'settings', 'notifications', 'Changed low-stock alert threshold', '2026-07-02T03:30:00.000Z'),
  ('00000000-0000-4000-8000-a70000000011', '00000000-0000-4000-8000-b10000000001', '00000000-0000-4000-8000-a10000000005', 'Rohit Verma', 'created', 'invoice', 'INV-2026-0030', 'Created invoice for Aarav Sharma', '2026-07-01T04:30:00.000Z'),
  ('00000000-0000-4000-8000-a70000000012', '00000000-0000-4000-8000-b10000000001', '00000000-0000-4000-8000-a10000000006', 'Anjali Menon', 'recorded', 'payment', 'PAY-0021', 'Recorded UPI payment of ₹14,400', '2026-07-01T05:30:00.000Z'),
  ('00000000-0000-4000-8000-a70000000013', '00000000-0000-4000-8000-b10000000001', '00000000-0000-4000-8000-a10000000001', 'Kruthik Ponugoti', 'updated', 'product', 'Oak Bookshelf', 'Stock adjusted -1 (damage write-off)', '2026-06-30T06:30:00.000Z'),
  ('00000000-0000-4000-8000-a70000000014', '00000000-0000-4000-8000-b10000000001', '00000000-0000-4000-8000-a10000000002', 'Nikhil Rao', 'approved', 'leave_request', 'LR-0003', 'Approved earned leave for Imran Qureshi', '2026-06-30T07:30:00.000Z'),
  ('00000000-0000-4000-8000-a70000000015', '00000000-0000-4000-8000-b10000000001', '00000000-0000-4000-8000-a10000000003', 'Shreya Kulkarni', 'created', 'customer', 'Sterling Hotels Group', 'Added new business customer', '2026-06-29T08:30:00.000Z'),
  ('00000000-0000-4000-8000-a70000000016', '00000000-0000-4000-8000-b10000000001', '00000000-0000-4000-8000-a10000000004', 'Farah Khan', 'created', 'purchase_order', 'PO-005', 'Raised PO to Weave & Loom Textiles', '2026-06-29T09:30:00.000Z'),
  ('00000000-0000-4000-8000-a70000000017', '00000000-0000-4000-8000-b10000000001', '00000000-0000-4000-8000-a10000000005', 'Rohit Verma', 'updated', 'deal', 'Lobby furniture — Sterling Hotels', 'Moved to proposal', '2026-06-28T10:30:00.000Z'),
  ('00000000-0000-4000-8000-a70000000018', '00000000-0000-4000-8000-b10000000001', '00000000-0000-4000-8000-a10000000006', 'Anjali Menon', 'created', 'task', 'First 20-room delivery', 'Added to Sterling Hotels bulk order', '2026-06-28T11:30:00.000Z'),
  ('00000000-0000-4000-8000-a70000000019', '00000000-0000-4000-8000-b10000000001', '00000000-0000-4000-8000-a10000000001', 'Kruthik Ponugoti', 'exported', 'report', 'June sales summary', 'Generated monthly sales PDF', '2026-06-27T03:30:00.000Z'),
  ('00000000-0000-4000-8000-a70000000020', '00000000-0000-4000-8000-b10000000001', '00000000-0000-4000-8000-a10000000002', 'Nikhil Rao', 'updated', 'settings', 'notifications', 'Changed low-stock alert threshold', '2026-06-27T04:30:00.000Z'),
  ('00000000-0000-4000-8000-a70000000021', '00000000-0000-4000-8000-b10000000001', '00000000-0000-4000-8000-a10000000003', 'Shreya Kulkarni', 'created', 'invoice', 'INV-2026-0030', 'Created invoice for Aarav Sharma', '2026-06-26T05:30:00.000Z'),
  ('00000000-0000-4000-8000-a70000000022', '00000000-0000-4000-8000-b10000000001', '00000000-0000-4000-8000-a10000000004', 'Farah Khan', 'recorded', 'payment', 'PAY-0021', 'Recorded UPI payment of ₹14,400', '2026-06-26T06:30:00.000Z'),
  ('00000000-0000-4000-8000-a70000000023', '00000000-0000-4000-8000-b10000000001', '00000000-0000-4000-8000-a10000000005', 'Rohit Verma', 'updated', 'product', 'Oak Bookshelf', 'Stock adjusted -1 (damage write-off)', '2026-06-25T07:30:00.000Z'),
  ('00000000-0000-4000-8000-a70000000024', '00000000-0000-4000-8000-b10000000001', '00000000-0000-4000-8000-a10000000006', 'Anjali Menon', 'approved', 'leave_request', 'LR-0003', 'Approved earned leave for Imran Qureshi', '2026-06-25T08:30:00.000Z'),
  ('00000000-0000-4000-8000-a70000000025', '00000000-0000-4000-8000-b10000000001', '00000000-0000-4000-8000-a10000000001', 'Kruthik Ponugoti', 'created', 'customer', 'Sterling Hotels Group', 'Added new business customer', '2026-06-24T09:30:00.000Z');

